date,total_value,cash,position_value
2020-01-02,1000000.0,1000000.0,0.0
2020-01-03,1000000.0,1000000.0,0.0
2020-01-06,1000000.0,1000000.0,0.0
2020-01-07,1000000.0,1000000.0,0.0
2020-01-08,1000000.0,1000000.0,0.0
2020-01-09,1000000.0,1000000.0,0.0
2020-01-10,1000000.0,1000000.0,0.0
2020-01-13,1000000.0,1000000.0,0.0
2020-01-14,1000000.0,1000000.0,0.0
2020-01-15,1000000.0,1000000.0,0.0
2020-01-16,1000000.0,1000000.0,0.0
2020-01-17,1000000.0,1000000.0,0.0
2020-01-20,1000000.0,1000000.0,0.0
2020-01-21,1000000.0,1000000.0,0.0
2020-01-22,1000000.0,1000000.0,0.0
2020-01-23,1000000.0,1000000.0,0.0
2020-02-03,1000000.0,1000000.0,0.0
2020-02-04,1000000.0,1000000.0,0.0
2020-02-05,1000000.0,1000000.0,0.0
2020-02-06,1000000.0,1000000.0,0.0
2020-02-07,1000000.0,1000000.0,0.0
2020-02-10,1000000.0,1000000.0,0.0
2020-02-11,1000000.0,1000000.0,0.0
2020-02-12,1000000.0,1000000.0,0.0
2020-02-13,1000000.0,1000000.0,0.0
2020-02-14,1000000.0,1000000.0,0.0
2020-02-17,1000000.0,1000000.0,0.0
2020-02-18,1000000.0,1000000.0,0.0
2020-02-19,1000000.0,1000000.0,0.0
2020-02-20,1000000.0,1000000.0,0.0
2020-02-21,1000000.0,1000000.0,0.0
2020-02-24,1000000.0,1000000.0,0.0
2020-02-25,1000000.0,1000000.0,0.0
2020-02-26,1000000.0,1000000.0,0.0
2020-02-27,1000000.0,1000000.0,0.0
2020-02-28,1000000.0,1000000.0,0.0
2020-03-02,1000000.0,1000000.0,0.0
2020-03-03,1000000.0,1000000.0,0.0
2020-03-04,1000000.0,1000000.0,0.0
2020-03-05,1000000.0,1000000.0,0.0
2020-03-06,1000000.0,1000000.0,0.0
2020-03-09,1000000.0,1000000.0,0.0
2020-03-10,1000000.0,1000000.0,0.0
2020-03-11,1000000.0,1000000.0,0.0
2020-03-12,1000000.0,1000000.0,0.0
2020-03-13,1000000.0,1000000.0,0.0
2020-03-16,1000000.0,1000000.0,0.0
2020-03-17,1000000.0,1000000.0,0.0
2020-03-18,1000000.0,1000000.0,0.0
2020-03-19,1000000.0,1000000.0,0.0
2020-03-20,1000000.0,1000000.0,0.0
2020-03-23,1000000.0,1000000.0,0.0
2020-03-24,1000000.0,1000000.0,0.0
2020-03-25,1000000.0,1000000.0,0.0
2020-03-26,1000000.0,1000000.0,0.0
2020-03-27,1000000.0,1000000.0,0.0
2020-03-30,1000000.0,1000000.0,0.0
2020-03-31,1000000.0,1000000.0,0.0
2020-04-01,1000000.0,1000000.0,0.0
2020-04-02,1000000.0,1000000.0,0.0
2020-04-03,1000000.0,1000000.0,0.0
2020-04-07,1000000.0,1000000.0,0.0
2020-04-08,1000000.0,1000000.0,0.0
2020-04-09,1000000.0,1000000.0,0.0
2020-04-10,1000000.0,1000000.0,0.0
2020-04-13,1000000.0,1000000.0,0.0
2020-04-14,786774.2128765001,786774.2128765001,0.0
2020-04-15,998676.2128765001,786774.2128765001,211902.0
2020-04-16,995846.2128765001,786774.2128765001,209072.0
2020-04-17,1000099.2128765001,786774.2128765001,213325.0
2020-04-20,1000866.2128765001,786774.2128765001,214092.0
2020-04-21,996424.2128765001,786774.2128765001,209650.0
2020-04-22,1002414.2128765001,786774.2128765001,215640.0
2020-04-23,1003649.2128765001,786774.2128765001,216875.0
2020-04-24,1004134.2128765001,786774.2128765001,217360.0
2020-04-27,1006167.2128765001,786774.2128765001,219393.0
2020-04-28,1016019.2128765001,786774.2128765001,229245.0
2020-04-29,1010546.2128765001,786774.2128765001,223772.0
2020-04-30,1010968.2128765001,786774.2128765001,224194.0
2020-05-06,1014784.2128765001,786774.2128765001,228010.0
2020-05-07,1020570.2128765001,786774.2128765001,233796.0
2020-05-08,1022118.2128765001,786774.2128765001,235344.0
2020-05-11,621973.3960725002,388271.3960725001,233702.00000000006
2020-05-12,1021367.3960725002,388271.3960725001,633096.0
2020-05-13,1023383.3960725002,388271.3960725001,635112.0
2020-05-14,1018524.3960725002,388271.3960725001,630253.0
2020-05-15,1016835.3960725002,388271.3960725001,628564.0
2020-05-18,1026027.3960725002,388271.3960725001,637756.0
2020-05-19,1029747.3960724999,388271.3960725001,641475.9999999998
2020-05-20,1029096.3960725002,388271.3960725001,640825.0
2020-05-21,1027658.3960725002,388271.3960725001,639387.0
2020-05-22,1005190.3960725002,388271.3960725001,616919.0
2020-05-25,1009106.3960725002,388271.3960725001,620835.0
2020-05-26,1012630.3960725002,388271.3960725001,624359.0
2020-05-27,1010721.3960725002,388271.3960725001,622450.0
2020-05-28,1014849.3960725002,388271.3960725001,626578.0
2020-05-29,1014200.3960725002,388271.3960725001,625929.0
2020-06-01,1037408.3960725002,388271.3960725001,649137.0
2020-06-02,1047865.3960725002,388271.3960725001,659594.0
2020-06-03,1050540.3960725002,388271.3960725001,662269.0
2020-06-04,1052118.3960725002,388271.3960725001,663847.0
2020-06-05,1054825.3960725002,388271.3960725001,666554.0
2020-06-08,1062455.3960725002,388271.3960725001,674184.0
2020-06-09,1064526.3960725002,388271.3960725001,676255.0
2020-06-10,1060001.3960725002,388271.3960725001,671730.0
2020-06-11,1049610.3960725002,388271.3960725001,661339.0
2020-06-12,1051510.3960725002,388271.3960725001,663239.0
2020-06-15,1036745.3960725002,388271.3960725001,648474.0
2020-06-16,1042225.3960725002,388271.3960725001,653954.0
2020-06-17,1037250.3960724999,388271.3960725001,648978.9999999998
2020-06-18,1043000.3960725002,388271.3960725001,654729.0
2020-06-19,1054371.3960725002,388271.3960725001,666100.0
2020-06-22,1050673.3960725002,388271.3960725001,662402.0
2020-06-23,1054573.3960725002,388271.3960725001,666302.0
2020-06-24,1056998.3960725002,388271.3960725001,668727.0
2020-06-29,1049262.3960725002,388271.3960725001,660991.0
2020-06-30,1056795.3960725002,388271.3960725001,668524.0
2020-07-01,1083858.3960725002,388271.3960725001,695587.0
2020-07-02,1107603.3960725002,388271.3960725001,719332.0
2020-07-03,1115806.3960725002,388271.3960725001,727535.0
2020-07-06,1151786.3960725002,388271.3960725001,763515.0
2020-07-07,1161650.3960725002,388271.3960725001,773379.0
2020-07-08,1175805.3960725002,388271.3960725001,787534.0
2020-07-09,1177472.3960725002,388271.3960725001,789201.0
2020-07-10,1165417.3960725002,388271.3960725001,777146.0
2020-07-13,1183028.3960725002,388271.3960725001,794757.0
2020-07-14,1182163.3960725002,388271.3960725001,793892.0
2020-07-15,1181748.3960725002,388271.3960725001,793477.0
2020-07-16,1137134.3960725002,388271.3960725001,748863.0
2020-07-17,1142163.3960725002,388271.3960725001,753892.0
2020-07-20,1159306.3960725002,388271.3960725001,771035.0
2020-07-21,1155613.3960725002,388271.3960725001,767342.0
2020-07-22,1156821.3960725002,388271.3960725001,768550.0
2020-07-23,1154186.3960725002,388271.3960725001,765915.0
2020-07-24,1131012.3960725002,388271.3960725001,742741.0
2020-07-27,1132514.3960725002,388271.3960725001,744243.0
2020-07-28,1147756.3960725002,388271.3960725001,759485.0
2020-07-29,1153705.3960725002,388271.3960725001,765434.0
2020-07-30,1149704.3960725002,388271.3960725001,761433.0
2020-07-31,1150925.3960725002,388271.3960725001,762654.0
2020-08-03,1153862.3960725002,388271.3960725001,765591.0
2020-08-04,1161563.3960725002,388271.3960725001,773292.0
2020-08-05,1156798.3960725002,388271.3960725001,768527.0
2020-08-06,1146792.3960725002,388271.3960725001,758521.0
2020-08-07,1136976.3960725002,388271.3960725001,748705.0
2020-08-10,1138176.3960725002,388271.3960725001,749905.0
2020-08-11,1140473.4265325002,798319.4265325002,342154.0
2020-08-12,1136516.4265325002,798319.4265325002,338197.0
2020-08-13,1137189.4265325002,798319.4265325002,338870.0
2020-08-14,1145552.8375075003,344249.8375075002,801303.0000000001
2020-08-17,1171771.8375075003,344249.8375075002,827522.0000000001
2020-08-18,1165658.8375075003,344249.8375075002,821409.0000000001
2020-08-19,1159991.8375075003,344249.8375075002,815742.0000000001
2020-08-20,1148020.8375075003,344249.8375075002,803771.0000000001
2020-08-21,1154465.8375075003,344249.8375075002,810216.0000000001
2020-08-24,1162446.8375075003,344249.8375075002,818197.0000000001
2020-08-25,1180635.8375075003,344249.8375075002,836386.0000000001
2020-08-26,1175465.8375075003,344249.8375075002,831216.0000000001
2020-08-27,1176349.8375075003,344249.8375075002,832100.0000000001
2020-08-28,1187154.8375075003,344249.8375075002,842905.0000000001
2020-08-31,1178324.0702225002,787691.0702225002,390633.0
2020-09-01,1172444.0702225002,787691.0702225002,384753.0
2020-09-02,1170505.0702225002,787691.0702225002,382814.0
2020-09-03,1176197.0702225002,787691.0702225002,388506.0
2020-09-04,1163029.0702225002,787691.0702225002,375338.0
2020-09-07,1157822.0702225002,787691.0702225002,370131.0
2020-09-08,1150065.0702225002,787691.0702225002,362374.0
2020-09-09,1142356.0702225002,787691.0702225002,354665.0
2020-09-10,1152051.0702225002,787691.0702225002,364360.0
2020-09-11,1159370.0702225002,787691.0702225002,371679.0
2020-09-14,1162810.0702225002,787691.0702225002,375119.0
2020-09-15,1163201.0702225002,787691.0702225002,375510.0
2020-09-16,1156461.0702225002,787691.0702225002,368770.0
2020-09-17,1151191.0702225002,787691.0702225002,363500.0
2020-09-18,1160934.4979225004,342090.4979225003,818844.0
2020-09-21,1144301.4979225004,342090.4979225003,802211.0
2020-09-22,1132245.4979225004,342090.4979225003,790155.0
2020-09-23,1124199.4979225004,342090.4979225003,782109.0
2020-09-24,1112324.4979225004,342090.4979225003,770234.0
2020-09-25,1116227.4979225004,342090.4979225003,774137.0
2020-09-28,1122537.4979225004,342090.4979225003,780447.0
2020-09-29,1116392.4979225004,342090.4979225003,774302.0
2020-09-30,1115786.4979225004,342090.4979225003,773696.0
2020-10-09,1133932.4979225004,342090.4979225003,791842.0
2020-10-12,1170315.4979225004,342090.4979225003,828225.0
2020-10-13,1173625.4979225004,342090.4979225003,831535.0
2020-10-14,1169136.4979225004,342090.4979225003,827046.0
2020-10-15,1168466.4979225004,342090.4979225003,826376.0
2020-10-16,1168172.4979225004,342090.4979225003,826082.0
2020-10-19,1166357.4979225004,342090.4979225003,824267.0
2020-10-20,1170887.4979225004,342090.4979225003,828797.0
2020-10-21,1177739.4979225004,342090.4979225003,835649.0
2020-10-22,1176252.4979225004,342090.4979225003,834162.0
2020-10-23,1174981.4979225004,342090.4979225003,832891.0
2020-10-26,1162454.4979225004,342090.4979225003,820364.0
2020-10-27,1158422.4979225004,342090.4979225003,816332.0
2020-10-28,1161403.4979225004,342090.4979225003,819313.0
2020-10-29,1172657.4979225004,342090.4979225003,830567.0
2020-10-30,1159837.4979225004,342090.4979225003,817747.0
2020-11-02,1159069.4979225004,342090.4979225003,816979.0
2020-11-03,1175683.4979225004,342090.4979225003,833593.0
2020-11-04,1181381.4979225004,342090.4979225003,839291.0
2020-11-05,1198317.4979225004,342090.4979225003,856227.0
2020-11-06,1199873.4979225004,342090.4979225003,857783.0
2020-11-09,1224670.4979225004,342090.4979225003,882580.0
2020-11-10,1230104.4979225004,342090.4979225003,888014.0
2020-11-11,1225541.4979225004,342090.4979225003,883451.0
2020-11-12,1217587.4979225004,342090.4979225003,875497.0
2020-11-13,1204178.4979225004,342090.4979225003,862088.0
2020-11-16,1229937.4979225004,342090.4979225003,887847.0
2020-11-17,1228302.4979225004,342090.4979225003,886212.0
2020-11-18,1226321.4979225004,342090.4979225003,884231.0
2020-11-19,1228093.4979225004,342090.4979225003,886003.0
2020-11-20,1229765.4979225004,342090.4979225003,887675.0
2020-11-23,1244256.4979225004,342090.4979225003,902166.0
2020-11-24,1237165.4979225004,342090.4979225003,895075.0
2020-11-25,1234172.4979225004,342090.4979225003,892082.0
2020-11-26,1239554.4979225004,342090.4979225003,897464.0
2020-11-27,1246804.4979225004,342090.4979225003,904714.0
2020-11-30,1233488.4979225004,342090.4979225003,891398.0
2020-12-01,1255808.4979225004,342090.4979225003,913718.0
2020-12-02,1257267.4979225001,342090.4979225003,915176.9999999998
2020-12-03,1254252.4979225004,342090.4979225003,912162.0
2020-12-04,1264483.4979225004,342090.4979225003,922393.0
2020-12-07,1260565.4979225004,342090.4979225003,918475.0
2020-12-08,1252133.4979225004,342090.4979225003,910043.0
2020-12-09,1247704.4979225004,342090.4979225003,905614.0
2020-12-10,1243586.4979225004,342090.4979225003,901496.0
2020-12-11,1235767.4979225001,342090.4979225003,893676.9999999998
2020-12-14,1252204.4979225004,342090.4979225003,910114.0
2020-12-15,1241857.4979225004,342090.4979225003,899767.0
2020-12-16,1249969.4979225004,342090.4979225003,907879.0
2020-12-17,1265683.4979225004,342090.4979225003,923593.0
2020-12-18,1258486.4979225004,342090.4979225003,916396.0
2020-12-21,1262831.4979225004,342090.4979225003,920741.0
2020-12-22,1249646.4979225004,342090.4979225003,907556.0
2020-12-23,1246610.4979225004,342090.4979225003,904520.0
2020-12-24,1238845.4979225004,342090.4979225003,896755.0
2020-12-25,1234984.4979225004,342090.4979225003,892894.0
2020-12-28,1257485.4979225004,342090.4979225003,915395.0
2020-12-29,1253968.4979225004,342090.4979225003,911878.0
2020-12-30,1264987.4979225004,342090.4979225003,922897.0
2020-12-31,1278039.4979225004,342090.4979225003,935949.0
2021-01-04,1277615.9629025003,796202.9629025003,481413.0
2021-01-05,1311910.9629025003,796202.9629025003,515708.0
2021-01-06,1324921.9629025003,796202.9629025003,528719.0
2021-01-07,1327580.9629025003,796202.9629025003,531378.0
2021-01-08,1307250.9629025003,796202.9629025003,511048.0
2021-01-11,1282541.9629025003,796202.9629025003,486339.0
2021-01-12,1296303.9629025003,796202.9629025003,500101.0
2021-01-13,1289000.9629025003,796202.9629025003,492798.0
2021-01-14,1264088.9629025003,796202.9629025003,467886.0
2021-01-15,1261429.9629025003,796202.9629025003,465227.0
2021-01-18,1256503.9629025003,796202.9629025003,460301.0
2021-01-19,1251734.9629025003,796202.9629025003,455532.0
2021-01-20,1256973.9629025003,796202.9629025003,460771.0
2021-01-21,1275895.9629025003,796202.9629025003,479693.0
2021-01-22,1273721.9629025003,796202.9629025003,477519.0
2021-01-25,1305201.9629025003,796202.9629025003,508999.0
2021-01-26,1289704.9629025003,796202.9629025003,493502.0
2021-01-27,1269061.9629025003,796202.9629025003,472859.0
2021-01-28,1258771.9629025003,796202.9629025003,462569.0
2021-01-29,1266809.9629025003,796202.9629025003,470607.0
2021-02-01,1268607.9629025003,796202.9629025003,472405.0
2021-02-02,1287108.9629025003,796202.9629025003,490906.0
2021-02-03,1294348.9629025003,796202.9629025003,498146.0
2021-02-04,1301933.9629025003,796202.9629025003,505731.0
2021-02-05,1311566.9629025003,796202.9629025003,515364.0
2021-02-08,1311941.9629025003,796202.9629025003,515739.0
2021-02-09,1326798.9629025003,796202.9629025003,530596.0
2021-02-10,1347362.9629025003,796202.9629025003,551160.0
2021-02-18,1333053.9629025003,796202.9629025003,536851.0
2021-02-19,1350099.9629025003,796202.9629025003,553897.0
2021-02-22,1301088.9629025003,796202.9629025003,504886.0
2021-02-23,1304122.9629025003,796202.9629025003,507920.0
2021-02-24,1269843.9629025003,796202.9629025003,473641.0
2021-02-25,1263306.9629025003,796202.9629025003,467104.0
2021-02-26,1249388.9629025003,796202.9629025003,453186.0
2021-03-01,1263494.9629025003,796202.9629025003,467292.0
2021-03-02,1250483.9629025003,796202.9629025003,454281.0
2021-03-03,1256591.2654400002,312692.2654400003,943899.0
2021-03-04,1223242.0696325002,743067.0696325002,480175.0
2021-03-05,1214242.0696325002,743067.0696325002,471175.0
2021-03-08,1216492.0696325002,743067.0696325002,473425.0
2021-03-09,1211992.0696325002,743067.0696325002,468925.0
2021-03-10,1208142.0696325002,743067.0696325002,465075.0
2021-03-11,1223542.0696325002,743067.0696325002,480475.0
2021-03-12,1219492.0696325002,743067.0696325002,476425.0
2021-03-15,1217292.0696325002,743067.0696325002,474225.0
2021-03-16,1218742.0696325002,743067.0696325002,475675.0
2021-03-17,1204442.0696325002,743067.0696325002,461375.0
2021-03-18,1198842.0696325002,743067.0696325002,455775.0
2021-03-19,1189942.0696325002,743067.0696325002,446875.0
2021-03-22,1189387.9203200003,1189387.9203200003,0.0
2021-03-23,1189387.9203200003,1189387.9203200003,0.0
2021-03-24,1189387.9203200003,1189387.9203200003,0.0
2021-03-25,1189387.9203200003,1189387.9203200003,0.0
2021-03-26,1189387.9203200003,1189387.9203200003,0.0
2021-03-29,1189387.9203200003,1189387.9203200003,0.0
2021-03-30,1189387.9203200003,1189387.9203200003,0.0
2021-03-31,1189387.9203200003,1189387.9203200003,0.0
2021-04-01,1189387.9203200003,1189387.9203200003,0.0
2021-04-02,1189387.9203200003,1189387.9203200003,0.0
2021-04-06,1189387.9203200003,1189387.9203200003,0.0
2021-04-07,1189387.9203200003,1189387.9203200003,0.0
2021-04-08,1189387.9203200003,1189387.9203200003,0.0
2021-04-09,1189387.9203200003,1189387.9203200003,0.0
2021-04-12,1189387.9203200003,1189387.9203200003,0.0
2021-04-13,1189387.9203200003,1189387.9203200003,0.0
2021-04-14,1189387.9203200003,1189387.9203200003,0.0
2021-04-15,1189387.9203200003,1189387.9203200003,0.0
2021-04-16,1189387.9203200003,1189387.9203200003,0.0
2021-04-19,1189387.9203200003,1189387.9203200003,0.0
2021-04-20,1189387.9203200003,1189387.9203200003,0.0
2021-04-21,1189387.9203200003,1189387.9203200003,0.0
2021-04-22,1189387.9203200003,1189387.9203200003,0.0
2021-04-23,1189387.9203200003,1189387.9203200003,0.0
2021-04-26,1189387.9203200003,1189387.9203200003,0.0
2021-04-27,1189387.9203200003,1189387.9203200003,0.0
2021-04-28,1189387.9203200003,1189387.9203200003,0.0
2021-04-29,1188334.5917990003,720292.5917990003,468042.0
2021-04-30,1181297.5917990003,720292.5917990003,461005.0
2021-05-06,1167911.5917990003,720292.5917990003,447619.0
2021-05-07,1161124.5917990003,720292.5917990003,440832.0
2021-05-10,1148457.5917990003,720292.5917990003,428165.0
2021-05-11,1166363.5917990003,720292.5917990003,446071.0
2021-05-12,1169584.5917990003,720292.5917990003,449292.0
2021-05-13,1167223.5917990003,720292.5917990003,446931.0
2021-05-14,1184425.5917990003,720292.5917990003,464133.0
2021-05-17,1200360.5917990003,720292.5917990003,480068.0
2021-05-18,1203973.5917990003,720292.5917990003,483681.0
2021-05-19,1209118.5917990003,720292.5917990003,488826.0
2021-05-20,1210244.5917990003,720292.5917990003,489952.0
2021-05-21,1199438.5917990003,720292.5917990003,479146.0
2021-05-24,1212589.5917990003,720292.5917990003,492297.0
2021-05-25,1240770.5917990003,720292.5917990003,520478.0
2021-05-26,1234467.5917990003,720292.5917990003,514175.0
2021-05-27,1233185.5917990003,720292.5917990003,512893.0
2021-05-28,1231183.5917990003,720292.5917990003,510891.0
2021-05-31,1228400.5917990003,720292.5917990003,508108.0
2021-06-01,1229307.5917990003,720292.5917990003,509015.0
2021-06-02,1223270.5917990003,720292.5917990003,502978.0
2021-06-03,1226038.5917990003,720292.5917990003,505746.0
2021-06-04,1228681.5917990003,720292.5917990003,508389.0
2021-06-07,1224944.5917990003,720292.5917990003,504652.0
2021-06-08,1201549.5917990003,720292.5917990003,481257.0
2021-06-09,1199281.5917990003,720292.5917990003,478989.0
2021-06-10,1209524.5917990003,720292.5917990003,489232.0
2021-06-11,1207210.5917990003,720292.5917990003,486918.0
2021-06-15,1203597.5917990003,720292.5917990003,483305.0
2021-06-16,1192744.5917990003,720292.5917990003,472452.0
2021-06-17,1195716.5917990003,720292.5917990003,475424.0
2021-06-18,1190680.5917990003,720292.5917990003,470388.0
2021-06-21,1199860.5917990003,720292.5917990003,479568.0
2021-06-22,1204583.5917990003,720292.5917990003,484291.0
2021-06-23,1190586.5917990003,720292.5917990003,470294.0
2021-06-24,1193339.5917990003,720292.5917990003,473047.0
2021-06-25,1204629.5917990003,720292.5917990003,484337.0
2021-06-28,1214622.5917990003,720292.5917990003,494330.0
2021-06-29,1202487.5917990003,720292.5917990003,482195.0
2021-06-30,1201455.5917990003,720292.5917990003,481163.0
2021-07-01,1201940.5917990003,720292.5917990003,481648.0
2021-07-02,1182908.5917990003,720292.5917990003,462616.0
2021-07-05,1173721.2845640003,1173721.2845640003,0.0
2021-07-06,1173721.2845640003,1173721.2845640003,0.0
2021-07-07,1173721.2845640003,1173721.2845640003,0.0
2021-07-08,1173721.2845640003,1173721.2845640003,0.0
2021-07-09,1173721.2845640003,1173721.2845640003,0.0
2021-07-12,1173721.2845640003,1173721.2845640003,0.0
2021-07-13,1173721.2845640003,1173721.2845640003,0.0
2021-07-14,1173721.2845640003,1173721.2845640003,0.0
2021-07-15,1173721.2845640003,1173721.2845640003,0.0
2021-07-16,1173721.2845640003,1173721.2845640003,0.0
2021-07-19,1173721.2845640003,1173721.2845640003,0.0
2021-07-20,1173721.2845640003,1173721.2845640003,0.0
2021-07-21,1173721.2845640003,1173721.2845640003,0.0
2021-07-22,1173721.2845640003,1173721.2845640003,0.0
2021-07-23,1173721.2845640003,1173721.2845640003,0.0
2021-07-26,1173721.2845640003,1173721.2845640003,0.0
2021-07-27,1173721.2845640003,1173721.2845640003,0.0
2021-07-28,1173721.2845640003,1173721.2845640003,0.0
2021-07-29,1173721.2845640003,1173721.2845640003,0.0
2021-07-30,1173721.2845640003,1173721.2845640003,0.0
2021-08-02,1173721.2845640003,1173721.2845640003,0.0
2021-08-03,1173721.2845640003,1173721.2845640003,0.0
2021-08-04,1173721.2845640003,1173721.2845640003,0.0
2021-08-05,1173721.2845640003,1173721.2845640003,0.0
2021-08-06,1173721.2845640003,1173721.2845640003,0.0
2021-08-09,1173721.2845640003,1173721.2845640003,0.0
2021-08-10,1173721.2845640003,1173721.2845640003,0.0
2021-08-11,1173721.2845640003,1173721.2845640003,0.0
2021-08-12,1173721.2845640003,1173721.2845640003,0.0
2021-08-13,1173721.2845640003,1173721.2845640003,0.0
2021-08-16,1173721.2845640003,1173721.2845640003,0.0
2021-08-17,1173721.2845640003,1173721.2845640003,0.0
2021-08-18,1173721.2845640003,1173721.2845640003,0.0
2021-08-19,1173721.2845640003,1173721.2845640003,0.0
2021-08-20,1173721.2845640003,1173721.2845640003,0.0
2021-08-23,1173721.2845640003,1173721.2845640003,0.0
2021-08-24,1173721.2845640003,1173721.2845640003,0.0
2021-08-25,1173721.2845640003,1173721.2845640003,0.0
2021-08-26,1173721.2845640003,1173721.2845640003,0.0
2021-08-27,1173721.2845640003,1173721.2845640003,0.0
2021-08-30,1173721.2845640003,1173721.2845640003,0.0
2021-08-31,1173721.2845640003,1173721.2845640003,0.0
2021-09-01,1173721.2845640003,1173721.2845640003,0.0
2021-09-02,1173721.2845640003,1173721.2845640003,0.0
2021-09-03,1173721.2845640003,1173721.2845640003,0.0
2021-09-06,1173721.2845640003,1173721.2845640003,0.0
2021-09-07,1173721.2845640003,1173721.2845640003,0.0
2021-09-08,1173721.2845640003,1173721.2845640003,0.0
2021-09-09,1173721.2845640003,1173721.2845640003,0.0
2021-09-10,1173721.2845640003,1173721.2845640003,0.0
2021-09-13,1173721.2845640003,1173721.2845640003,0.0
2021-09-14,1173721.2845640003,1173721.2845640003,0.0
2021-09-15,1173721.2845640003,1173721.2845640003,0.0
2021-09-16,1173721.2845640003,1173721.2845640003,0.0
2021-09-17,1173721.2845640003,1173721.2845640003,0.0
2021-09-22,1173721.2845640003,1173721.2845640003,0.0
2021-09-23,1173721.2845640003,1173721.2845640003,0.0
2021-09-24,1173721.2845640003,1173721.2845640003,0.0
2021-09-27,1173721.2845640003,1173721.2845640003,0.0
2021-09-28,1173721.2845640003,1173721.2845640003,0.0
2021-09-29,1173721.2845640003,1173721.2845640003,0.0
2021-09-30,1173721.2845640003,1173721.2845640003,0.0
2021-10-08,1173721.2845640003,1173721.2845640003,0.0
2021-10-11,1173721.2845640003,1173721.2845640003,0.0
2021-10-12,1173721.2845640003,1173721.2845640003,0.0
2021-10-13,1172834.8801290004,778964.8801290004,393870.0
2021-10-14,1173631.8801290004,778964.8801290004,394667.0
2021-10-15,1164749.8801290004,778964.8801290004,385785.0
2021-10-18,1135036.8801290004,778964.8801290004,356072.0
2021-10-19,1140744.8801290004,778964.8801290004,361780.0
2021-10-20,1142261.8801290004,778964.8801290004,363297.0
2021-10-21,1142902.8082180005,333141.80821800034,809761.0000000001
2021-10-22,1149288.8082180005,333141.80821800034,816147.0000000001
2021-10-25,1140625.8082180005,333141.80821800034,807484.0000000001
2021-10-26,1134022.8082180005,333141.80821800034,800881.0000000001
2021-10-27,1123198.8082180005,333141.80821800034,790057.0000000001
2021-10-28,1119708.8082180005,333141.80821800034,786567.0000000001
2021-10-29,1109852.8082180005,333141.80821800034,776711.0000000001
2021-11-01,1095498.8082180005,333141.80821800034,762357.0000000001
2021-11-02,1089089.8082180005,333141.80821800034,755948.0000000001
2021-11-03,1085937.8082180005,333141.80821800034,752796.0000000001
2021-11-04,1094469.6334155004,674807.6334155004,419662.0
2021-11-05,1096033.6334155004,674807.6334155004,421226.0
2021-11-08,1099229.6334155004,674807.6334155004,424422.0
2021-11-09,1094401.6334155004,674807.6334155004,419594.0
2021-11-10,1089243.3683805005,1089243.3683805005,0.0
2021-11-11,1089243.3683805005,1089243.3683805005,0.0
2021-11-12,1089243.3683805005,1089243.3683805005,0.0
2021-11-15,1089243.3683805005,1089243.3683805005,0.0
2021-11-16,1088288.8188055004,664138.8188055004,424150.0
2021-11-17,1086180.8188055004,664138.8188055004,422042.0
2021-11-18,1082508.8188055004,664138.8188055004,418370.0
2021-11-19,1085568.8188055004,664138.8188055004,421430.0
2021-11-22,1082505.7456305004,1082505.7456305004,0.0
2021-11-23,1082505.7456305004,1082505.7456305004,0.0
2021-11-24,1081532.7307030004,649177.7307030003,432355.0000000001
2021-11-25,1077686.6142155004,1077686.6142155004,0.0
2021-11-26,1076858.7385340005,708995.7385340005,367863.0
2021-11-29,1079783.7385340005,708995.7385340005,370788.0
2021-11-30,1069258.7385340005,708995.7385340005,360263.0
2021-12-01,1073261.7385340005,708995.7385340005,364266.0
2021-12-02,1076686.7385340005,708995.7385340005,367691.0
2021-12-03,1087164.7385340005,708995.7385340005,378169.0
2021-12-06,1091621.7385340005,708995.7385340005,382626.0
2021-12-07,1094279.7385340005,708995.7385340005,385284.0
2021-12-08,1109918.7385340005,708995.7385340005,400923.0
2021-12-09,1120865.7385340005,708995.7385340005,411870.0
2021-12-10,1114609.7385340005,708995.7385340005,405614.0
2021-12-13,1119269.7385340005,708995.7385340005,410274.0
2021-12-14,1119301.7385340005,708995.7385340005,410306.0
2021-12-15,1109605.7385340005,708995.7385340005,400610.0
2021-12-16,1108140.8810315004,265494.88103150047,842646.0
2021-12-17,1090477.8810315004,265494.88103150047,824983.0
2021-12-20,1089971.8810315004,265494.88103150047,824477.0
2021-12-21,1087088.8810315004,265494.88103150047,821594.0
2021-12-22,1083203.8810315004,265494.88103150047,817709.0
2021-12-23,1091131.8810315004,265494.88103150047,825637.0
2021-12-24,1096040.8810315004,265494.88103150047,830546.0
2021-12-27,1088199.8810315004,265494.88103150047,822705.0
2021-12-28,1096572.8810315004,265494.88103150047,831078.0
2021-12-29,1077574.8810315004,265494.88103150047,812080.0
2021-12-30,1074461.8810315004,265494.88103150047,808967.0
2021-12-31,1070020.8810315004,265494.88103150047,804526.0
2022-01-04,1075557.8810315004,265494.88103150047,810063.0
2022-01-05,1083344.8810315004,265494.88103150047,817850.0
2022-01-06,1071277.8810315004,265494.88103150047,805783.0
2022-01-07,1079910.8810315004,265494.88103150047,814416.0
2022-01-10,1076668.8810315004,265494.88103150047,811174.0
2022-01-11,1071480.4907990005,617355.4907990005,454125.0
2022-01-12,1068960.4907990005,617355.4907990005,451605.0
2022-01-13,1067560.4907990005,617355.4907990005,450205.0
2022-01-14,1059160.4907990005,617355.4907990005,441805.0
2022-01-17,1058040.4907990005,617355.4907990005,440685.0
2022-01-18,1060070.4907990005,617355.4907990005,442715.0
2022-01-19,1061610.4907990005,617355.4907990005,444255.0
2022-01-20,1075260.4907990005,617355.4907990005,457905.0
2022-01-21,1076310.4907990005,617355.4907990005,458955.0
2022-01-24,1073370.4907990005,617355.4907990005,456015.0
2022-01-25,1059860.4907990005,617355.4907990005,442505.0
2022-01-26,1064270.4907990005,617355.4907990005,446915.0
2022-01-27,1056990.4907990005,617355.4907990005,439635.0
2022-01-28,1051250.4907990005,617355.4907990005,433895.0
2022-02-07,1065320.4907990005,617355.4907990005,447965.0
2022-02-08,1072460.4907990005,617355.4907990005,455105.0
2022-02-09,1072740.4907990005,617355.4907990005,455385.0
2022-02-10,1080720.4907990005,617355.4907990005,463365.0
2022-02-11,1090590.4907990005,617355.4907990005,473235.0
2022-02-14,1078760.4907990005,617355.4907990005,461405.0
2022-02-15,1074420.4907990005,617355.4907990005,457065.0
2022-02-16,1078340.4907990005,617355.4907990005,460985.0
2022-02-17,1077010.4907990005,617355.4907990005,459655.0
2022-02-18,1082960.4907990005,617355.4907990005,465605.0
2022-02-21,1080580.4907990005,617355.4907990005,463225.0
2022-02-22,1072950.4907990005,617355.4907990005,455595.0
2022-02-23,1071690.4907990005,617355.4907990005,454335.0
2022-02-24,1061680.4907990005,617355.4907990005,444325.0
2022-02-25,1061260.4907990005,617355.4907990005,443905.0
2022-02-28,1056780.4907990005,617355.4907990005,439425.0
2022-03-01,1061190.4907990005,617355.4907990005,443835.0
2022-03-02,1056780.4907990005,617355.4907990005,439425.0
2022-03-03,1057900.4907990005,617355.4907990005,440545.0
2022-03-04,1050748.4615615006,1050748.4615615006,0.0
2022-03-07,1050748.4615615006,1050748.4615615006,0.0
2022-03-08,1050748.4615615006,1050748.4615615006,0.0
2022-03-09,1050748.4615615006,1050748.4615615006,0.0
2022-03-10,1050748.4615615006,1050748.4615615006,0.0
2022-03-11,1050748.4615615006,1050748.4615615006,0.0
2022-03-14,1050748.4615615006,1050748.4615615006,0.0
2022-03-15,1050748.4615615006,1050748.4615615006,0.0
2022-03-16,1050748.4615615006,1050748.4615615006,0.0
2022-03-17,1050748.4615615006,1050748.4615615006,0.0
2022-03-18,1050748.4615615006,1050748.4615615006,0.0
2022-03-21,1050748.4615615006,1050748.4615615006,0.0
2022-03-22,1050748.4615615006,1050748.4615615006,0.0
2022-03-23,1050748.4615615006,1050748.4615615006,0.0
2022-03-24,1050748.4615615006,1050748.4615615006,0.0
2022-03-25,1050748.4615615006,1050748.4615615006,0.0
2022-03-28,1050748.4615615006,1050748.4615615006,0.0
2022-03-29,1050748.4615615006,1050748.4615615006,0.0
2022-03-30,1050748.4615615006,1050748.4615615006,0.0
2022-03-31,1050748.4615615006,1050748.4615615006,0.0
2022-04-01,1050748.4615615006,1050748.4615615006,0.0
2022-04-06,1050748.4615615006,1050748.4615615006,0.0
2022-04-07,1050748.4615615006,1050748.4615615006,0.0
2022-04-08,1050748.4615615006,1050748.4615615006,0.0
2022-04-11,1050748.4615615006,1050748.4615615006,0.0
2022-04-12,1050748.4615615006,1050748.4615615006,0.0
2022-04-13,1050748.4615615006,1050748.4615615006,0.0
2022-04-14,1050748.4615615006,1050748.4615615006,0.0
2022-04-15,1050748.4615615006,1050748.4615615006,0.0
2022-04-18,1050748.4615615006,1050748.4615615006,0.0
2022-04-19,1050748.4615615006,1050748.4615615006,0.0
2022-04-20,1050748.4615615006,1050748.4615615006,0.0
2022-04-21,1050748.4615615006,1050748.4615615006,0.0
2022-04-22,1050748.4615615006,1050748.4615615006,0.0
2022-04-25,1050748.4615615006,1050748.4615615006,0.0
2022-04-26,1050748.4615615006,1050748.4615615006,0.0
2022-04-27,1050748.4615615006,1050748.4615615006,0.0
2022-04-28,1050748.4615615006,1050748.4615615006,0.0
2022-04-29,1050748.4615615006,1050748.4615615006,0.0
2022-05-05,1050748.4615615006,1050748.4615615006,0.0
2022-05-06,1050748.4615615006,1050748.4615615006,0.0
2022-05-09,1050748.4615615006,1050748.4615615006,0.0
2022-05-10,1050748.4615615006,1050748.4615615006,0.0
2022-05-11,1050748.4615615006,1050748.4615615006,0.0
2022-05-12,1050748.4615615006,1050748.4615615006,0.0
2022-05-13,1050748.4615615006,1050748.4615615006,0.0
2022-05-16,1050748.4615615006,1050748.4615615006,0.0
2022-05-17,1050748.4615615006,1050748.4615615006,0.0
2022-05-18,1050748.4615615006,1050748.4615615006,0.0
2022-05-19,1050748.4615615006,1050748.4615615006,0.0
2022-05-20,1050748.4615615006,1050748.4615615006,0.0
2022-05-23,1050748.4615615006,1050748.4615615006,0.0
2022-05-24,1050748.4615615006,1050748.4615615006,0.0
2022-05-25,1050748.4615615006,1050748.4615615006,0.0
2022-05-26,1050748.4615615006,1050748.4615615006,0.0
2022-05-27,1050748.4615615006,1050748.4615615006,0.0
2022-05-30,1050748.4615615006,1050748.4615615006,0.0
2022-05-31,1050748.4615615006,1050748.4615615006,0.0
2022-06-01,1050105.1786415004,764265.1786415005,285839.9999999999
2022-06-02,1049073.1786415004,764265.1786415005,284807.9999999999
2022-06-06,1054062.1786415004,764265.1786415005,289796.9999999999
2022-06-07,1055907.1786415004,764265.1786415005,291641.9999999999
2022-06-08,1062178.1786415004,764265.1786415005,297912.9999999999
2022-06-09,1058863.1786415004,764265.1786415005,294597.9999999999
2022-06-10,1061068.1786415004,764265.1786415005,296802.9999999999
2022-06-13,1053389.1786415004,764265.1786415005,289123.9999999999
2022-06-14,1055407.1786415004,764265.1786415005,291141.9999999999
2022-06-15,1060849.1786415004,764265.1786415005,296583.9999999999
2022-06-16,1061349.1786415004,764265.1786415005,297083.9999999999
2022-06-17,1066018.0132340007,350020.01323400054,715998.0000000001
2022-06-20,1068440.0132340007,350020.01323400054,718420.0000000001
2022-06-21,1070968.0132340007,350020.01323400054,720948.0000000001
2022-06-22,1060244.0132340007,350020.01323400054,710224.0000000001
2022-06-23,1069838.0132340007,350020.01323400054,719818.0000000001
2022-06-24,1080602.0132340007,350020.01323400054,730582.0000000001
2022-06-27,1093392.0132340007,350020.01323400054,743372.0000000001
2022-06-28,1104492.0132340007,350020.01323400054,754472.0000000001
2022-06-29,1096486.0132340007,350020.01323400054,746466.0000000001
2022-06-30,1111315.0132340007,350020.01323400054,761295.0000000001
2022-07-01,1110328.0132340007,350020.01323400054,760308.0000000001
2022-07-04,1108313.0132340007,350020.01323400054,758293.0000000001
2022-07-05,1105563.0132340007,350020.01323400054,755543.0000000001
2022-07-06,1094191.0132340007,350020.01323400054,744171.0000000001
2022-07-07,1087515.0132340007,350020.01323400054,737495.0000000001
2022-07-08,1090791.0132340007,350020.01323400054,740771.0000000001
2022-07-11,1082519.0132340007,350020.01323400054,732499.0000000001
2022-07-12,1084398.0132340007,350020.01323400054,734378.0000000001
2022-07-13,1086236.0132340007,350020.01323400054,736216.0000000001
2022-07-14,1071232.0132340007,350020.01323400054,721212.0000000001
2022-07-15,1064642.0132340007,350020.01323400054,714622.0000000001
2022-07-18,1065803.0132340007,350020.01323400054,715783.0000000001
2022-07-19,1067908.0132340007,350020.01323400054,717888.0000000001
2022-07-20,1068236.0132340007,350020.01323400054,718216.0000000001
2022-07-21,1059848.0132340007,350020.01323400054,709828.0000000001
2022-07-22,1059496.1493715006,744689.1493715006,314807.0
2022-07-25,1062890.1493715006,744689.1493715006,318201.0
2022-07-26,1067440.1493715006,744689.1493715006,322751.0
2022-07-27,1062921.1493715006,744689.1493715006,318232.0
2022-07-28,1061388.1493715006,744689.1493715006,316699.0
2022-07-29,1047752.1493715006,744689.1493715006,303063.0
2022-08-01,1048033.1493715006,744689.1493715006,303344.0
2022-08-02,1043467.1493715006,744689.1493715006,298778.0
2022-08-03,1041794.1493715006,744689.1493715006,297105.0
2022-08-04,1045218.1493715006,744689.1493715006,300529.0
2022-08-05,1047983.9903290006,1047983.9903290006,0.0
2022-08-08,1047983.9903290006,1047983.9903290006,0.0
2022-08-09,1047983.9903290006,1047983.9903290006,0.0
2022-08-10,1047983.9903290006,1047983.9903290006,0.0
2022-08-11,1047983.9903290006,1047983.9903290006,0.0
2022-08-12,1047983.9903290006,1047983.9903290006,0.0
2022-08-15,1047983.9903290006,1047983.9903290006,0.0
2022-08-16,1047983.9903290006,1047983.9903290006,0.0
2022-08-17,1047983.9903290006,1047983.9903290006,0.0
2022-08-18,1047983.9903290006,1047983.9903290006,0.0
2022-08-19,1047983.9903290006,1047983.9903290006,0.0
2022-08-22,1047983.9903290006,1047983.9903290006,0.0
2022-08-23,1047983.9903290006,1047983.9903290006,0.0
2022-08-24,1047983.9903290006,1047983.9903290006,0.0
2022-08-25,1047983.9903290006,1047983.9903290006,0.0
2022-08-26,1047983.9903290006,1047983.9903290006,0.0
2022-08-29,1047983.9903290006,1047983.9903290006,0.0
2022-08-30,1047983.9903290006,1047983.9903290006,0.0
2022-08-31,1047983.9903290006,1047983.9903290006,0.0
2022-09-01,1047983.9903290006,1047983.9903290006,0.0
2022-09-02,1047983.9903290006,1047983.9903290006,0.0
2022-09-05,1047983.9903290006,1047983.9903290006,0.0
2022-09-06,1047053.6606350007,633665.6606350007,413388.0
2022-09-07,1044893.6606350007,633665.6606350007,411228.0
2022-09-08,1046621.6606350007,633665.6606350007,412956.0
2022-09-09,1052741.6606350006,633665.6606350007,419075.9999999999
2022-09-13,1055405.6606350006,633665.6606350007,421739.9999999999
2022-09-14,1052453.6606350006,633665.6606350007,418787.9999999999
2022-09-15,1055621.6606350006,633665.6606350007,421955.9999999999
2022-09-16,1047269.6606350007,633665.6606350007,413604.0
2022-09-19,1047269.6606350007,633665.6606350007,413604.0
2022-09-20,1042301.6606350007,633665.6606350007,408636.0
2022-09-21,1041653.6606350007,633665.6606350007,407988.0
2022-09-22,1036829.6606350007,633665.6606350007,403164.0
2022-09-23,1040717.6606350007,633665.6606350007,407052.0
2022-09-26,1036901.6606350007,633665.6606350007,403236.0
2022-09-27,1036541.6606350007,633665.6606350007,402876.0
2022-09-28,1032581.6606350007,633665.6606350007,398916.0
2022-09-29,1028477.6606350007,633665.6606350007,394812.0
2022-09-30,1030349.6606350007,633665.6606350007,396684.0
2022-10-10,1027984.9366450007,1027984.9366450007,0.0
2022-10-11,1027984.9366450007,1027984.9366450007,0.0
2022-10-12,1027984.9366450007,1027984.9366450007,0.0
2022-10-13,1027984.9366450007,1027984.9366450007,0.0
2022-10-14,1027984.9366450007,1027984.9366450007,0.0
2022-10-17,1027984.9366450007,1027984.9366450007,0.0
2022-10-18,1027984.9366450007,1027984.9366450007,0.0
2022-10-19,1027984.9366450007,1027984.9366450007,0.0
2022-10-20,1027984.9366450007,1027984.9366450007,0.0
2022-10-21,1027984.9366450007,1027984.9366450007,0.0
2022-10-24,1027984.9366450007,1027984.9366450007,0.0
2022-10-25,1027984.9366450007,1027984.9366450007,0.0
2022-10-26,1027984.9366450007,1027984.9366450007,0.0
2022-10-27,1027984.9366450007,1027984.9366450007,0.0
2022-10-28,1027984.9366450007,1027984.9366450007,0.0
2022-10-31,1027984.9366450007,1027984.9366450007,0.0
2022-11-01,1027984.9366450007,1027984.9366450007,0.0
2022-11-02,1027984.9366450007,1027984.9366450007,0.0
2022-11-03,1027984.9366450007,1027984.9366450007,0.0
2022-11-04,1027984.9366450007,1027984.9366450007,0.0
2022-11-07,1027984.9366450007,1027984.9366450007,0.0
2022-11-08,1027984.9366450007,1027984.9366450007,0.0
2022-11-09,1027984.9366450007,1027984.9366450007,0.0
2022-11-10,1027984.9366450007,1027984.9366450007,0.0
2022-11-11,1027984.9366450007,1027984.9366450007,0.0
2022-11-14,1027984.9366450007,1027984.9366450007,0.0
2022-11-15,1027984.9366450007,1027984.9366450007,0.0
2022-11-16,1027984.9366450007,1027984.9366450007,0.0
2022-11-17,1027984.9366450007,1027984.9366450007,0.0
2022-11-18,1027984.9366450007,1027984.9366450007,0.0
2022-11-21,1027083.2873230007,626439.2873230007,400644.0
2022-11-22,1032555.2873230007,626439.2873230007,406116.0
2022-11-23,1031115.2873230007,626439.2873230007,404676.0
2022-11-24,1031331.2873230007,626439.2873230007,404892.0
2022-11-25,1038171.2873230007,626439.2873230007,411732.0
2022-11-28,1028523.2873230007,626439.2873230007,402084.0
2022-11-29,1052787.2873230008,626439.2873230007,426348.0000000001
2022-11-30,1054011.2873230008,626439.2873230007,427572.0000000001
2022-12-01,1053147.2873230008,626439.2873230007,426708.0000000001
2022-12-02,1051635.2873230008,626439.2873230007,425196.0000000001
2022-12-05,1070140.0502745006,338195.0502745007,731945.0
2022-12-06,1082066.0502745006,338195.0502745007,743871.0
2022-12-07,1074049.0502745006,338195.0502745007,735854.0
2022-12-08,1078977.0502745006,338195.0502745007,740782.0
2022-12-09,1095526.0502745006,338195.0502745007,757331.0
2022-12-12,1077536.0502745006,338195.0502745007,739341.0
2022-12-13,1083103.0502745006,338195.0502745007,744908.0
2022-12-14,1091680.0502745006,338195.0502745007,753485.0
2022-12-15,1085053.0502745006,338195.0502745007,746858.0
2022-12-16,1089313.0502745006,338195.0502745007,751118.0
2022-12-19,1077158.0502745006,338195.0502745007,738963.0
2022-12-20,1059475.0502745006,338195.0502745007,721280.0
2022-12-21,1064947.0502745006,338195.0502745007,726752.0
2022-12-22,1077246.0502745006,338195.0502745007,739051.0
2022-12-23,1076753.0502745006,338195.0502745007,738558.0
2022-12-26,1067055.0502745006,338195.0502745007,728860.0
2022-12-27,1077510.0502745006,338195.0502745007,739315.0
2022-12-28,1081189.0502745006,338195.0502745007,742994.0
2022-12-29,1075641.0502745006,338195.0502745007,737446.0
2022-12-30,1087171.0502745006,338195.0502745007,748976.0
2023-01-03,1084357.0502745006,338195.0502745007,746162.0
2023-01-04,1094950.0502745006,338195.0502745007,756755.0
2023-01-05,1114062.0502745006,338195.0502745007,775867.0
2023-01-06,1122178.0502745006,338195.0502745007,783983.0
2023-01-09,1139078.0502745006,338195.0502745007,800883.0
2023-01-10,1125837.0502745006,338195.0502745007,787642.0
2023-01-11,1134782.0502745006,338195.0502745007,796587.0
2023-01-12,1135184.0502745006,338195.0502745007,796989.0
2023-01-13,1153668.0502745006,338195.0502745007,815473.0
2023-01-16,1164213.0502745006,338195.0502745007,826018.0
2023-01-17,1154241.0502745006,338195.0502745007,816046.0
2023-01-18,1159199.0502745006,338195.0502745007,821004.0
2023-01-19,1160289.0502745006,338195.0502745007,822094.0
2023-01-20,1167725.0502745006,338195.0502745007,829530.0
2023-01-30,1177148.0502745006,338195.0502745007,838953.0
2023-01-31,1160099.0502745006,338195.0502745007,821904.0
2023-02-01,1164421.0502745006,338195.0502745007,826226.0
2023-02-02,1164508.0502745006,338195.0502745007,826313.0
2023-02-03,1151727.0502745006,338195.0502745007,813532.0
2023-02-06,1128379.0502745006,338195.0502745007,790184.0
2023-02-07,1134566.0502745006,338195.0502745007,796371.0
2023-02-08,1127465.0502745006,338195.0502745007,789270.0
2023-02-09,1145629.0502745006,338195.0502745007,807434.0
2023-02-10,1141279.0502745006,338195.0502745007,803084.0
2023-02-13,1152960.0502745006,338195.0502745007,814765.0
2023-02-14,1152698.0502745006,338195.0502745007,814503.0
2023-02-15,1148107.0502745006,338195.0502745007,809912.0
2023-02-16,1150082.0502745006,338195.0502745007,811887.0
2023-02-17,1143074.0502745006,338195.0502745007,804879.0
2023-02-20,1158860.0502745006,338195.0502745007,820665.0
2023-02-21,1154804.0502745006,338195.0502745007,816609.0
2023-02-22,1144793.0502745006,338195.0502745007,806598.0
2023-02-23,1139600.0502745006,338195.0502745007,801405.0
2023-02-24,1127729.0502745006,338195.0502745007,789534.0
2023-02-27,1130651.0502745006,338195.0502745007,792456.0
2023-02-28,1132921.0502745006,338195.0502745007,794726.0
2023-03-01,1150438.0502745006,338195.0502745007,812243.0
2023-03-02,1150167.0502745006,338195.0502745007,811972.0
2023-03-03,1149992.0502745006,338195.0502745007,811797.0
2023-03-06,1135907.0502745006,338195.0502745007,797712.0
2023-03-07,1123166.2994845007,785621.2994845007,337545.0
2023-03-08,1121368.2994845007,785621.2994845007,335747.0
2023-03-09,1119335.2994845007,785621.2994845007,333714.0
2023-03-10,1115019.2994845007,785621.2994845007,329398.0
2023-03-13,1120273.2994845007,785621.2994845007,334652.0
2023-03-14,1115081.2994845007,785621.2994845007,329460.0
2023-03-15,1109397.4108120007,1109397.4108120007,0.0
2023-03-16,1109397.4108120007,1109397.4108120007,0.0
2023-03-17,1109397.4108120007,1109397.4108120007,0.0
2023-03-20,1109397.4108120007,1109397.4108120007,0.0
2023-03-21,1109397.4108120007,1109397.4108120007,0.0
2023-03-22,1109397.4108120007,1109397.4108120007,0.0
2023-03-23,1109397.4108120007,1109397.4108120007,0.0
2023-03-24,1109397.4108120007,1109397.4108120007,0.0
2023-03-27,1109397.4108120007,1109397.4108120007,0.0
2023-03-28,1109397.4108120007,1109397.4108120007,0.0
2023-03-29,1109397.4108120007,1109397.4108120007,0.0
2023-03-30,1109397.4108120007,1109397.4108120007,0.0
2023-03-31,1109397.4108120007,1109397.4108120007,0.0
2023-04-03,1109397.4108120007,1109397.4108120007,0.0
2023-04-04,1109397.4108120007,1109397.4108120007,0.0
2023-04-06,1109397.4108120007,1109397.4108120007,0.0
2023-04-07,1109397.4108120007,1109397.4108120007,0.0
2023-04-10,1109397.4108120007,1109397.4108120007,0.0
2023-04-11,1109397.4108120007,1109397.4108120007,0.0
2023-04-12,1109397.4108120007,1109397.4108120007,0.0
2023-04-13,1109397.4108120007,1109397.4108120007,0.0
2023-04-14,1109397.4108120007,1109397.4108120007,0.0
2023-04-17,1109397.4108120007,1109397.4108120007,0.0
2023-04-18,1109397.4108120007,1109397.4108120007,0.0
2023-04-19,1109397.4108120007,1109397.4108120007,0.0
2023-04-20,1109397.4108120007,1109397.4108120007,0.0
2023-04-21,1109397.4108120007,1109397.4108120007,0.0
2023-04-24,1109397.4108120007,1109397.4108120007,0.0
2023-04-25,1109397.4108120007,1109397.4108120007,0.0
2023-04-26,1109397.4108120007,1109397.4108120007,0.0
2023-04-27,1108405.6739750006,667731.6739750006,440674.0
2023-04-28,1118129.6739750006,667731.6739750006,450398.0
2023-05-04,1131049.6739750006,667731.6739750006,463318.0
2023-05-05,1131933.6739750006,667731.6739750006,464202.0
2023-05-08,1139345.6739750006,667731.6739750006,471614.0
2023-05-09,1129553.6739750006,667731.6739750006,461822.0
2023-05-10,1121597.6739750006,667731.6739750006,453866.0
2023-05-11,1121869.6739750006,667731.6739750006,454138.0
2023-05-12,1114525.6739750006,667731.6739750006,446794.0
2023-05-15,1131117.6739750006,667731.6739750006,463386.0
2023-05-16,1127649.6739750006,667731.6739750006,459918.0
2023-05-17,1118877.6739750006,667731.6739750006,451146.0
2023-05-18,1118265.6739750006,667731.6739750006,450534.0
2023-05-19,1112961.6739750006,667731.6739750006,445230.0
2023-05-22,1115545.6739750006,667731.6739750006,447814.0
2023-05-23,1105209.6739750006,667731.6739750006,437478.0
2023-05-24,1095485.6739750006,667731.6739750006,427754.0
2023-05-25,1095009.6739750006,667731.6739750006,427278.0
2023-05-26,1095281.6739750006,667731.6739750006,427550.0
2023-05-29,1092561.6739750006,667731.6739750006,424830.0
2023-05-30,1092221.6739750006,667731.6739750006,424490.0
2023-05-31,1085489.6739750006,667731.6739750006,417758.0
2023-06-01,1088549.6739750006,667731.6739750006,420818.0
2023-06-02,1099769.6739750006,667731.6739750006,432038.0
2023-06-05,1094367.6595400006,1094367.6595400006,0.0
2023-06-06,1094367.6595400006,1094367.6595400006,0.0
2023-06-07,1094367.6595400006,1094367.6595400006,0.0
2023-06-08,1094367.6595400006,1094367.6595400006,0.0
2023-06-09,1094367.6595400006,1094367.6595400006,0.0
2023-06-12,1094367.6595400006,1094367.6595400006,0.0
2023-06-13,1094367.6595400006,1094367.6595400006,0.0
2023-06-14,1093388.4714910006,658290.4714910006,435098.0
2023-06-15,1095904.4714910006,658290.4714910006,437614.0
2023-06-16,1097128.4714910006,658290.4714910006,438838.0
2023-06-19,1089648.4714910006,658290.4714910006,431358.0
2023-06-20,1084833.8778920006,361425.8778920006,723408.0
2023-06-21,1077670.0341670006,785554.0341670006,292116.0
2023-06-26,1070257.0341670006,785554.0341670006,284703.0
2023-06-27,1075327.0341670006,785554.0341670006,289773.0
2023-06-28,1076187.0341670006,785554.0341670006,290633.0
2023-06-29,1071715.0341670006,785554.0341670006,286161.0
2023-06-30,1071340.0341670006,785554.0341670006,285786.0
2023-07-03,1077267.0341670006,785554.0341670006,291713.0
2023-07-04,1078611.0341670006,785554.0341670006,293057.0
2023-07-05,1073232.7537070005,1073232.7537070005,0.0
2023-07-06,1073232.7537070005,1073232.7537070005,0.0
2023-07-07,1073232.7537070005,1073232.7537070005,0.0
2023-07-10,1073232.7537070005,1073232.7537070005,0.0
2023-07-11,1073232.7537070005,1073232.7537070005,0.0
2023-07-12,1073232.7537070005,1073232.7537070005,0.0
2023-07-13,1073232.7537070005,1073232.7537070005,0.0
2023-07-14,1072559.9599805004,773606.9599805005,298952.9999999999
2023-07-17,1068915.9599805004,773606.9599805005,295308.9999999999
2023-07-18,1066945.9599805004,773606.9599805005,293338.9999999999
2023-07-19,1066820.9599805004,773606.9599805005,293213.9999999999
2023-07-20,1067195.9599805004,773606.9599805005,293588.9999999999
2023-07-21,1071433.9599805004,773606.9599805005,297826.9999999999
2023-07-24,1068446.9599805004,773606.9599805005,294839.9999999999
2023-07-25,1083360.7664285004,353559.7664285005,729801.0
2023-07-26,1080126.7664285004,353559.7664285005,726567.0
2023-07-27,1083846.7664285004,353559.7664285005,730287.0
2023-07-28,1101220.7664285004,353559.7664285005,747661.0
2023-07-31,1105226.7664285004,353559.7664285005,751667.0
2023-08-01,1097971.7664285004,353559.7664285005,744412.0
2023-08-02,1092887.7664285004,353559.7664285005,739328.0
2023-08-03,1100257.7664285004,353559.7664285005,746698.0
2023-08-04,1098056.7664285004,353559.7664285005,744497.0
2023-08-07,1093696.7664285004,353559.7664285005,740137.0
2023-08-08,1090207.7664285004,353559.7664285005,736648.0
2023-08-09,1090676.7664285004,353559.7664285005,737117.0
2023-08-10,1089956.7664285004,353559.7664285005,736397.0
2023-08-11,1071043.7664285004,353559.7664285005,717484.0
2023-08-14,1059818.7664285004,353559.7664285005,706259.0
2023-08-15,1057463.7664285004,353559.7664285005,703904.0
2023-08-16,1055663.7664285004,353559.7664285005,702104.0
2023-08-17,1055568.7664285004,353559.7664285005,702009.0
2023-08-18,1045394.7664285004,353559.7664285005,691835.0
2023-08-21,1036594.8048860005,635922.8048860005,400672.0
2023-08-22,1038706.8048860005,635922.8048860005,402784.0
2023-08-23,1033953.9872060006,1033953.9872060006,0.0
2023-08-24,1033953.9872060006,1033953.9872060006,0.0
2023-08-25,1033953.9872060006,1033953.9872060006,0.0
2023-08-28,1033953.9872060006,1033953.9872060006,0.0
2023-08-29,1033953.9872060006,1033953.9872060006,0.0
2023-08-30,1033953.9872060006,1033953.9872060006,0.0
2023-08-31,1033953.9872060006,1033953.9872060006,0.0
2023-09-01,1033953.9872060006,1033953.9872060006,0.0
2023-09-04,1033953.9872060006,1033953.9872060006,0.0
2023-09-05,1033953.9872060006,1033953.9872060006,0.0
2023-09-06,1033049.7588110005,631259.7588110005,401790.0
2023-09-07,1028189.7588110005,631259.7588110005,396930.0
2023-09-08,1027589.7588110005,631259.7588110005,396330.0
2023-09-11,1029029.7588110005,631259.7588110005,397770.0
2023-09-12,1026569.7588110005,631259.7588110005,395310.0
2023-09-13,1023869.7588110005,631259.7588110005,392610.0
2023-09-14,1022009.7588110005,631259.7588110005,390750.0
2023-09-15,1022069.7588110005,631259.7588110005,390810.0
2023-09-18,1022669.7588110005,631259.7588110005,391410.0
2023-09-19,1022549.7588110005,631259.7588110005,391290.0
2023-09-20,1020209.7588110005,631259.7588110005,388950.0
2023-09-21,1017809.7588110005,631259.7588110005,386550.0
2023-09-22,1028849.7588110005,631259.7588110005,397590.0
2023-09-25,1019963.3312360005,1019963.3312360005,0.0
2023-09-26,1019963.3312360005,1019963.3312360005,0.0
2023-09-27,1019963.3312360005,1019963.3312360005,0.0
2023-09-28,1019963.3312360005,1019963.3312360005,0.0
2023-10-09,1019963.3312360005,1019963.3312360005,0.0
2023-10-10,1019963.3312360005,1019963.3312360005,0.0
2023-10-11,1019963.3312360005,1019963.3312360005,0.0
2023-10-12,1019963.3312360005,1019963.3312360005,0.0
2023-10-13,1019963.3312360005,1019963.3312360005,0.0
2023-10-16,1019963.3312360005,1019963.3312360005,0.0
2023-10-17,1019963.3312360005,1019963.3312360005,0.0
2023-10-18,1019963.3312360005,1019963.3312360005,0.0
2023-10-19,1019963.3312360005,1019963.3312360005,0.0
2023-10-20,1019963.3312360005,1019963.3312360005,0.0
2023-10-23,1019963.3312360005,1019963.3312360005,0.0
2023-10-24,1019963.3312360005,1019963.3312360005,0.0
2023-10-25,1019963.3312360005,1019963.3312360005,0.0
2023-10-26,1019963.3312360005,1019963.3312360005,0.0
2023-10-27,1019963.3312360005,1019963.3312360005,0.0
2023-10-30,1019963.3312360005,1019963.3312360005,0.0
2023-10-31,1019963.3312360005,1019963.3312360005,0.0
2023-11-01,1019963.3312360005,1019963.3312360005,0.0
2023-11-02,1019963.3312360005,1019963.3312360005,0.0
2023-11-03,1019963.3312360005,1019963.3312360005,0.0
2023-11-06,1019963.3312360005,1019963.3312360005,0.0
2023-11-07,1019963.3312360005,1019963.3312360005,0.0
2023-11-08,1019337.5572060006,741277.5572060006,278060.0
2023-11-09,1019212.5572060006,741277.5572060006,277935.0
2023-11-10,1016632.5572060006,741277.5572060006,275355.0
2023-11-13,1013473.5572060006,741277.5572060006,272196.0
2023-11-14,1015068.5572060006,741277.5572060006,273791.0
2023-11-15,1017179.5572060006,741277.5572060006,275902.0
2023-11-16,1015803.5572060006,741277.5572060006,274526.0
2023-11-17,1013661.5572060006,741277.5572060006,272384.0
2023-11-20,1012722.5572060006,741277.5572060006,271445.0
2023-11-21,1013244.4670885005,1013244.4670885005,0.0
2023-11-22,1013244.4670885005,1013244.4670885005,0.0
2023-11-23,1013244.4670885005,1013244.4670885005,0.0
2023-11-24,1013244.4670885005,1013244.4670885005,0.0
2023-11-27,1013244.4670885005,1013244.4670885005,0.0
2023-11-28,1013244.4670885005,1013244.4670885005,0.0
2023-11-29,1013244.4670885005,1013244.4670885005,0.0
2023-11-30,1013244.4670885005,1013244.4670885005,0.0
2023-12-01,1013244.4670885005,1013244.4670885005,0.0
2023-12-04,1013244.4670885005,1013244.4670885005,0.0
2023-12-05,1013244.4670885005,1013244.4670885005,0.0
2023-12-06,1013244.4670885005,1013244.4670885005,0.0
2023-12-07,1013244.4670885005,1013244.4670885005,0.0
2023-12-08,1013244.4670885005,1013244.4670885005,0.0
2023-12-11,1013244.4670885005,1013244.4670885005,0.0
2023-12-12,1013244.4670885005,1013244.4670885005,0.0
2023-12-13,1013244.4670885005,1013244.4670885005,0.0
2023-12-14,1013244.4670885005,1013244.4670885005,0.0
2023-12-15,1013244.4670885005,1013244.4670885005,0.0
2023-12-18,1013244.4670885005,1013244.4670885005,0.0
2023-12-19,1013244.4670885005,1013244.4670885005,0.0
2023-12-20,1013244.4670885005,1013244.4670885005,0.0
2023-12-21,1013244.4670885005,1013244.4670885005,0.0
2023-12-22,1013244.4670885005,1013244.4670885005,0.0
2023-12-25,1013244.4670885005,1013244.4670885005,0.0
2023-12-26,1013244.4670885005,1013244.4670885005,0.0
2023-12-27,1013244.4670885005,1013244.4670885005,0.0
2023-12-28,1013244.4670885005,1013244.4670885005,0.0
2023-12-29,1013244.4670885005,1013244.4670885005,0.0
2024-01-02,1013244.4670885005,1013244.4670885005,0.0
2024-01-03,1013244.4670885005,1013244.4670885005,0.0
2024-01-04,1013244.4670885005,1013244.4670885005,0.0
2024-01-05,1013244.4670885005,1013244.4670885005,0.0
2024-01-08,1013244.4670885005,1013244.4670885005,0.0
2024-01-09,1013244.4670885005,1013244.4670885005,0.0
2024-01-10,1013244.4670885005,1013244.4670885005,0.0
2024-01-11,1013244.4670885005,1013244.4670885005,0.0
2024-01-12,1013244.4670885005,1013244.4670885005,0.0
2024-01-15,1013244.4670885005,1013244.4670885005,0.0
2024-01-16,1013244.4670885005,1013244.4670885005,0.0
2024-01-17,1013244.4670885005,1013244.4670885005,0.0
2024-01-18,1013244.4670885005,1013244.4670885005,0.0
2024-01-19,1013244.4670885005,1013244.4670885005,0.0
2024-01-22,1013244.4670885005,1013244.4670885005,0.0
2024-01-23,1013244.4670885005,1013244.4670885005,0.0
2024-01-24,1013244.4670885005,1013244.4670885005,0.0
2024-01-25,1013244.4670885005,1013244.4670885005,0.0
2024-01-26,1013244.4670885005,1013244.4670885005,0.0
2024-01-29,1013244.4670885005,1013244.4670885005,0.0
2024-01-30,1012345.6511460005,612960.6511460005,399385.0
2024-01-31,1014585.6511460005,612960.6511460005,401625.0
2024-02-01,1013115.6511460005,612960.6511460005,400155.0
2024-02-02,1011715.6511460005,612960.6511460005,398755.0
2024-02-05,1015775.6511460005,612960.6511460005,402815.0
2024-02-06,1021935.6511460005,612960.6511460005,408975.0
2024-02-07,1027675.6511460005,612960.6511460005,414715.0
2024-02-08,1030475.6511460005,612960.6511460005,417515.0
2024-02-19,1030125.6511460005,612960.6511460005,417165.0
2024-02-20,1027465.6511460005,612960.6511460005,414505.0
2024-02-21,1036145.6511460005,612960.6511460005,423185.0
2024-02-22,1036351.5723230005,361750.57232300047,674601.0
2024-02-23,1039895.5723230005,361750.57232300047,678145.0
2024-02-26,1029006.5723230005,361750.57232300047,667256.0
2024-02-27,1030196.5723230005,361750.57232300047,668446.0
2024-02-28,1026546.5723230005,361750.57232300047,664796.0
2024-02-29,1032550.5723230005,361750.57232300047,670800.0
2024-03-01,1033711.5723230005,361750.57232300047,671961.0
2024-03-04,1025627.5723230005,361750.57232300047,663877.0
2024-03-05,1030888.5723230005,361750.57232300047,669138.0
2024-03-06,1024761.5723230005,361750.57232300047,663011.0
2024-03-07,1027414.5723230005,361750.57232300047,665664.0
2024-03-08,1026420.5723230005,361750.57232300047,664670.0
2024-03-11,1032665.5723230005,361750.57232300047,670915.0
2024-03-12,1048397.5723230005,361750.57232300047,686647.0
2024-03-13,1039276.5723230005,361750.57232300047,677526.0
2024-03-14,1040831.5723230005,361750.57232300047,679081.0
2024-03-15,1045623.5723230005,361750.57232300047,683873.0
2024-03-18,1047763.5723230005,361750.57232300047,686013.0
2024-03-19,1048705.5723230005,361750.57232300047,686955.0
2024-03-20,1048678.5723230005,361750.57232300047,686928.0
2024-03-21,1048916.5723230005,361750.57232300047,687166.0
2024-03-22,1033653.5723230005,361750.57232300047,671903.0
2024-03-25,1030139.5723230005,361750.57232300047,668389.0
2024-03-26,1038833.5723230005,361750.57232300047,677083.0
2024-03-27,1033079.5723230005,361750.57232300047,671329.0
2024-03-28,1032739.2032855004,763327.2032855004,269412.0
2024-03-29,1033380.2032855004,763327.2032855004,270053.0
2024-04-01,1039276.2032855004,763327.2032855004,275949.0
2024-04-02,1036492.2032855004,763327.2032855004,273165.0
2024-04-03,1035085.2032855004,763327.2032855004,271758.0
2024-04-08,1023653.2032855004,763327.2032855004,260326.0
2024-04-09,1022387.2032855004,763327.2032855004,259060.0
2024-04-10,1017132.2032855004,763327.2032855004,253805.0
2024-04-11,1015912.2032855004,763327.2032855004,252585.0
2024-04-12,1013019.2032855004,763327.2032855004,249692.0
2024-04-15,1023700.2032855004,763327.2032855004,260373.0
2024-04-16,1020025.2032855004,763327.2032855004,256698.0
2024-04-17,1020541.2032855004,763327.2032855004,257214.0
2024-04-18,1020041.2032855004,763327.2032855004,256714.0
2024-04-19,1016788.2032855004,763327.2032855004,253461.0
2024-04-22,1018552.6581780005,1018552.6581780005,0.0
2024-04-23,1018552.6581780005,1018552.6581780005,0.0
2024-04-24,1018552.6581780005,1018552.6581780005,0.0
2024-04-25,1018552.6581780005,1018552.6581780005,0.0
2024-04-26,1017949.3373865006,749866.3373865006,268083.0
2024-04-29,1017167.3373865006,749866.3373865006,267301.0
2024-04-30,1015103.3373865006,749866.3373865006,265237.0
2024-05-06,1022265.3373865006,749866.3373865006,272399.0
2024-05-07,1023720.3373865006,749866.3373865006,273854.0
2024-05-08,1022250.3373865006,749866.3373865006,272384.0
2024-05-09,1021093.2995895005,346366.2995895006,674727.0
2024-05-10,1024464.2995895005,346366.2995895006,678098.0
2024-05-13,1017353.2995895005,346366.2995895006,670987.0
2024-05-14,1015416.2995895005,346366.2995895006,669050.0
2024-05-15,1012267.2995895005,346366.2995895006,665901.0
2024-05-16,1024686.2995895005,346366.2995895006,678320.0
2024-05-17,1042997.2995895005,346366.2995895006,696631.0
2024-05-20,1046156.2995895005,346366.2995895006,699790.0
2024-05-21,1044560.2995895005,346366.2995895006,698194.0
2024-05-22,1042339.2995895005,346366.2995895006,695973.0
2024-05-23,1035746.2995895005,346366.2995895006,689380.0
2024-05-24,1025863.2995895005,346366.2995895006,679497.0
2024-05-27,1027963.2995895005,346366.2995895006,681597.0
2024-05-28,1023227.2995895005,346366.2995895006,676861.0
2024-05-29,1019973.2995895005,346366.2995895006,673607.0
2024-05-30,1013184.2995895005,346366.2995895006,666818.0
2024-05-31,1013328.2995895005,346366.2995895006,666962.0
2024-06-03,1011771.5417845006,603805.5417845006,407966.0
2024-06-04,1012723.5417845006,603805.5417845006,408918.0
2024-06-05,1011431.5417845006,603805.5417845006,407626.0
2024-06-06,1007147.5417845006,603805.5417845006,403342.0
2024-06-07,1004903.5417845006,603805.5417845006,401098.0
2024-06-11,1002931.5417845006,603805.5417845006,399126.0
2024-06-12,1000007.5417845006,603805.5417845006,396202.0
2024-06-13,999327.5417845006,603805.5417845006,395522.0
2024-06-14,1003203.5417845006,603805.5417845006,399398.0
2024-06-17,1001231.5417845006,603805.5417845006,397426.0
2024-06-18,1002251.5417845006,603805.5417845006,398446.0
2024-06-19,1004087.5417845006,603805.5417845006,400282.0
2024-06-20,999466.4466595005,999466.4466595005,0.0
2024-06-21,999466.4466595005,999466.4466595005,0.0
2024-06-24,999466.4466595005,999466.4466595005,0.0
2024-06-25,999466.4466595005,999466.4466595005,0.0
2024-06-26,999466.4466595005,999466.4466595005,0.0
2024-06-27,999466.4466595005,999466.4466595005,0.0
2024-06-28,999466.4466595005,999466.4466595005,0.0
2024-07-01,999466.4466595005,999466.4466595005,0.0
2024-07-02,999466.4466595005,999466.4466595005,0.0
2024-07-03,999466.4466595005,999466.4466595005,0.0
2024-07-04,999466.4466595005,999466.4466595005,0.0
2024-07-05,999466.4466595005,999466.4466595005,0.0
2024-07-08,999466.4466595005,999466.4466595005,0.0
2024-07-09,999466.4466595005,999466.4466595005,0.0
2024-07-10,999466.4466595005,999466.4466595005,0.0
2024-07-11,999466.4466595005,999466.4466595005,0.0
2024-07-12,999466.4466595005,999466.4466595005,0.0
2024-07-15,999466.4466595005,999466.4466595005,0.0
2024-07-16,999466.4466595005,999466.4466595005,0.0
2024-07-17,999466.4466595005,999466.4466595005,0.0
2024-07-18,999466.4466595005,999466.4466595005,0.0
2024-07-19,999466.4466595005,999466.4466595005,0.0
2024-07-22,999466.4466595005,999466.4466595005,0.0
2024-07-23,999466.4466595005,999466.4466595005,0.0
2024-07-24,999466.4466595005,999466.4466595005,0.0
2024-07-25,999466.4466595005,999466.4466595005,0.0
2024-07-26,999466.4466595005,999466.4466595005,0.0
2024-07-29,998580.1502485005,604758.1502485005,393822.0
2024-07-30,998646.1502485005,604758.1502485005,393888.0
2024-07-31,1006764.1502485005,604758.1502485005,402006.0
2024-08-01,1006434.1502485005,604758.1502485005,401676.0
2024-08-02,1001880.1502485005,604758.1502485005,397122.0
2024-08-05,1003068.1502485005,604758.1502485005,398310.0
2024-08-06,995808.1502485005,604758.1502485005,391050.0
2024-08-07,994488.1502485005,604758.1502485005,389730.0
2024-08-08,995280.1502485005,604758.1502485005,390522.0
2024-08-09,993894.1502485005,604758.1502485005,389136.0
2024-08-12,993960.1502485005,604758.1502485005,389202.0
2024-08-13,995016.1502485005,604758.1502485005,390258.0
2024-08-14,993102.1502485005,604758.1502485005,388344.0
2024-08-15,998580.1502485005,604758.1502485005,393822.0
2024-08-16,1000494.1502485005,604758.1502485005,395736.0
2024-08-19,1003530.1502485005,604758.1502485005,398772.0
2024-08-20,1002540.1502485005,604758.1502485005,397782.0
2024-08-21,1002870.1502485005,604758.1502485005,398112.0
2024-08-22,1001154.1502485005,604758.1502485005,396396.0
2024-08-23,1011978.1502485005,604758.1502485005,407220.0
2024-08-26,1011978.1502485005,604758.1502485005,407220.0
2024-08-27,1010658.1502485005,604758.1502485005,405900.0
2024-08-28,1010922.1502485005,604758.1502485005,406164.0
2024-08-29,1007160.1502485005,604758.1502485005,402402.0
2024-08-30,1016466.1502485005,604758.1502485005,411708.0
2024-09-02,1012638.1502485005,604758.1502485005,407880.0
2024-09-03,1011054.1502485005,604758.1502485005,406296.0
2024-09-04,1007292.1502485005,604758.1502485005,402534.0
2024-09-05,1012440.1502485005,604758.1502485005,407682.0
2024-09-06,1011318.1502485005,604758.1502485005,406560.0
2024-09-09,1007556.1502485005,604758.1502485005,402798.0
2024-09-10,1007424.1502485005,604758.1502485005,402666.0
2024-09-11,1006500.1502485005,604758.1502485005,401742.0
2024-09-12,1007028.1502485005,604758.1502485005,402270.0
2024-09-13,1008942.1502485005,604758.1502485005,404184.0
2024-09-18,1014288.1502485005,604758.1502485005,409530.0
2024-09-19,1016466.1502485005,604758.1502485005,411708.0
2024-09-20,1017258.1502485005,604758.1502485005,412500.0
2024-09-23,1016862.1502485005,604758.1502485005,412104.0
2024-09-24,1032768.1502485005,604758.1502485005,428010.0
2024-09-25,1038444.1502485005,604758.1502485005,433686.0
2024-09-26,1058640.1502485005,604758.1502485005,453882.0
2024-09-27,1068408.1502485005,604758.1502485005,463650.0
2024-09-30,1102006.2847830006,312671.2847830005,789335.0000000001
2024-10-08,1135038.2847830006,312671.2847830005,822367.0000000001
2024-10-09,1069640.2847830006,312671.2847830005,756969.0000000001
2024-10-10,1094845.2847830006,312671.2847830005,782174.0000000001
2024-10-11,1084865.2847830006,312671.2847830005,772194.0000000001
2024-10-14,1092495.2847830006,312671.2847830005,779824.0000000001
2024-10-15,1073720.2847830006,312671.2847830005,761049.0000000001
2024-10-16,1071299.2847830006,312671.2847830005,758628.0000000001
2024-10-17,1063004.2847830006,312671.2847830005,750333.0000000001
2024-10-18,1078162.2847830006,312671.2847830005,765491.0000000001
2024-10-21,1076329.2847830006,312671.2847830005,763658.0000000001
2024-10-22,1081185.2847830006,312671.2847830005,768514.0000000001
2024-10-23,1094268.2847830006,312671.2847830005,781597.0000000001
2024-10-24,1089645.2847830006,312671.2847830005,776974.0000000001
2024-10-25,1089585.2847830006,312671.2847830005,776914.0000000001
2024-10-28,1097429.2847830006,312671.2847830005,784758.0000000001
2024-10-29,1093330.2847830006,312671.2847830005,780659.0000000001
2024-10-30,1079246.2847830006,312671.2847830005,766575.0000000001
2024-10-31,1075835.2847830006,312671.2847830005,763164.0000000001
2024-11-01,1079058.2847830006,312671.2847830005,766387.0000000001
2024-11-04,1085533.2847830006,312671.2847830005,772862.0000000001
2024-11-05,1103849.2847830006,312671.2847830005,791178.0000000001
2024-11-06,1093109.2847830006,312671.2847830005,780438.0000000001
2024-11-07,1132406.2847830006,312671.2847830005,819735.0000000001
2024-11-08,1112031.2847830006,312671.2847830005,799360.0000000001
2024-11-11,1104698.2847830006,312671.2847830005,792027.0000000001
2024-11-12,1094711.2847830006,312671.2847830005,782040.0000000001
2024-11-13,1095336.2847830006,312671.2847830005,782665.0000000001
2024-11-14,1093378.2847830006,312671.2847830005,780707.0000000001
2024-11-15,1082018.2847830006,312671.2847830005,769347.0000000001
2024-11-18,1078689.2847830006,312671.2847830005,766018.0000000001
2024-11-19,1076323.2847830006,312671.2847830005,763652.0000000001
2024-11-20,1077131.2847830006,312671.2847830005,764460.0000000001
2024-11-21,1077173.2847830006,312671.2847830005,764502.0000000001
2024-11-22,1053727.2847830006,312671.2847830005,741056.0000000001
2024-11-25,1048987.2847830006,312671.2847830005,736316.0000000001
2024-11-26,1053719.2847830006,312671.2847830005,741048.0000000001
2024-11-27,1060537.2847830006,312671.2847830005,747866.0000000001
2024-11-28,1053260.2847830006,312671.2847830005,740589.0000000001
2024-11-29,1056564.9273630006,789748.9273630006,266816.0
2024-12-02,1057550.9273630006,789748.9273630006,267802.0
2024-12-03,1056908.9273630006,789748.9273630006,267160.0
2024-12-04,1054938.9273630006,789748.9273630006,265190.0
2024-12-05,1052986.2788505005,1052986.2788505005,0.0
2024-12-06,1052986.2788505005,1052986.2788505005,0.0
2024-12-09,1052986.2788505005,1052986.2788505005,0.0
2024-12-10,1052986.2788505005,1052986.2788505005,0.0
2024-12-11,1052986.2788505005,1052986.2788505005,0.0
2024-12-12,1052986.2788505005,1052986.2788505005,0.0
2024-12-13,1052986.2788505005,1052986.2788505005,0.0
2024-12-16,1052986.2788505005,1052986.2788505005,0.0
2024-12-17,1052986.2788505005,1052986.2788505005,0.0
2024-12-18,1052986.2788505005,1052986.2788505005,0.0
2024-12-19,1052986.2788505005,1052986.2788505005,0.0
2024-12-20,1052986.2788505005,1052986.2788505005,0.0
2024-12-23,1052986.2788505005,1052986.2788505005,0.0
2024-12-24,1052986.2788505005,1052986.2788505005,0.0
2024-12-25,1052986.2788505005,1052986.2788505005,0.0
2024-12-26,1052986.2788505005,1052986.2788505005,0.0
2024-12-27,1052986.2788505005,1052986.2788505005,0.0
2024-12-30,1052986.2788505005,1052986.2788505005,0.0
2024-12-31,1052986.2788505005,1052986.2788505005,0.0
2025-01-02,1052986.2788505005,1052986.2788505005,0.0
2025-01-03,1052986.2788505005,1052986.2788505005,0.0
2025-01-06,1052986.2788505005,1052986.2788505005,0.0
2025-01-07,1052986.2788505005,1052986.2788505005,0.0
2025-01-08,1052986.2788505005,1052986.2788505005,0.0
2025-01-09,1052986.2788505005,1052986.2788505005,0.0
2025-01-10,1052986.2788505005,1052986.2788505005,0.0
2025-01-13,1052986.2788505005,1052986.2788505005,0.0
2025-01-14,1052986.2788505005,1052986.2788505005,0.0
2025-01-15,1052986.2788505005,1052986.2788505005,0.0
2025-01-16,1052986.2788505005,1052986.2788505005,0.0
2025-01-17,1052986.2788505005,1052986.2788505005,0.0
2025-01-20,1052986.2788505005,1052986.2788505005,0.0
2025-01-21,1052986.2788505005,1052986.2788505005,0.0
2025-01-22,1052986.2788505005,1052986.2788505005,0.0
2025-01-23,1052986.2788505005,1052986.2788505005,0.0
2025-01-24,1052986.2788505005,1052986.2788505005,0.0
2025-01-27,1052986.2788505005,1052986.2788505005,0.0
2025-02-05,1052986.2788505005,1052986.2788505005,0.0
2025-02-06,1052986.2788505005,1052986.2788505005,0.0
2025-02-07,1052986.2788505005,1052986.2788505005,0.0
2025-02-10,1052986.2788505005,1052986.2788505005,0.0
2025-02-11,1052986.2788505005,1052986.2788505005,0.0
2025-02-12,1052986.2788505005,1052986.2788505005,0.0
2025-02-13,1052986.2788505005,1052986.2788505005,0.0
2025-02-14,1052986.2788505005,1052986.2788505005,0.0
2025-02-17,1052986.2788505005,1052986.2788505005,0.0
2025-02-18,1052986.2788505005,1052986.2788505005,0.0
2025-02-19,1052986.2788505005,1052986.2788505005,0.0
2025-02-20,1052986.2788505005,1052986.2788505005,0.0
2025-02-21,1052986.2788505005,1052986.2788505005,0.0
2025-02-24,1052986.2788505005,1052986.2788505005,0.0
2025-02-25,1052986.2788505005,1052986.2788505005,0.0
2025-02-26,1052986.2788505005,1052986.2788505005,0.0
2025-02-27,1052060.9587695005,640898.9587695005,411162.0
2025-02-28,1044868.9587695005,640898.9587695005,403970.0
2025-03-03,1043268.0079695005,1043268.0079695005,0.0
2025-03-04,1043268.0079695005,1043268.0079695005,0.0
2025-03-05,1043268.0079695005,1043268.0079695005,0.0
2025-03-06,1043268.0079695005,1043268.0079695005,0.0
2025-03-07,1042344.2542365005,631878.2542365005,410466.0
2025-03-10,1040894.2542365005,631878.2542365005,409016.0
2025-03-11,1041775.4381110005,378558.43811100046,663217.0
2025-03-12,1036258.4381110005,378558.43811100046,657700.0
2025-03-13,1035293.4381110005,378558.43811100046,656735.0
2025-03-14,1061959.4381110005,378558.43811100046,683401.0
2025-03-17,1059935.4381110007,378558.43811100046,681377.0000000002
2025-03-18,1061686.4381110005,378558.43811100046,683128.0
2025-03-19,1062499.4381110005,378558.43811100046,683941.0
2025-03-20,1048753.4381110005,378558.43811100046,670195.0
2025-03-21,1042287.4381110005,378558.43811100046,663729.0
2025-03-24,1044037.4381110005,378558.43811100046,665479.0
2025-03-25,1041879.4381110005,378558.43811100046,663321.0
2025-03-26,1040158.4381110005,378558.43811100046,661600.0
2025-03-27,1042990.4381110005,378558.43811100046,664432.0
2025-03-28,1041362.4381110005,378558.43811100046,662804.0
2025-03-31,1036508.4381110006,378558.43811100046,657950.0000000001
2025-04-01,1037139.4381110005,378558.43811100046,658581.0
2025-04-02,1037530.4381110005,378558.43811100046,658972.0
2025-04-03,1036655.4381110005,378558.43811100046,658097.0
2025-04-07,1011556.4381110005,378558.43811100046,632998.0
2025-04-08,1020549.6412960005,774741.6412960005,245808.0
2025-04-09,1022879.6412960005,774741.6412960005,248138.0
2025-04-10,1024286.6412960005,774741.6412960005,249545.0
2025-04-11,1021060.1158485005,1021060.1158485005,0.0
2025-04-14,1021060.1158485005,1021060.1158485005,0.0
2025-04-15,1021060.1158485005,1021060.1158485005,0.0
2025-04-16,1021060.1158485005,1021060.1158485005,0.0
2025-04-17,1021060.1158485005,1021060.1158485005,0.0
2025-04-18,1021060.1158485005,1021060.1158485005,0.0
2025-04-21,1021060.1158485005,1021060.1158485005,0.0
2025-04-22,1021060.1158485005,1021060.1158485005,0.0
2025-04-23,1021060.1158485005,1021060.1158485005,0.0
2025-04-24,1021060.1158485005,1021060.1158485005,0.0
2025-04-25,1021060.1158485005,1021060.1158485005,0.0
2025-04-28,1021060.1158485005,1021060.1158485005,0.0
2025-04-29,1021060.1158485005,1021060.1158485005,0.0
2025-04-30,1021060.1158485005,1021060.1158485005,0.0
2025-05-06,1021060.1158485005,1021060.1158485005,0.0
2025-05-07,1021060.1158485005,1021060.1158485005,0.0
2025-05-08,1021060.1158485005,1021060.1158485005,0.0
2025-05-09,1020165.0649925006,622453.0649925006,397712.0
2025-05-12,1024925.0649925006,622453.0649925006,402472.0
2025-05-13,1024141.0649925006,622453.0649925006,401688.0
2025-05-14,1036629.0649925005,622453.0649925006,414175.9999999999
2025-05-15,1034165.0649925006,622453.0649925006,411712.0
2025-05-16,1029349.0649925006,622453.0649925006,406896.0
2025-05-19,1028845.0649925005,622453.0649925006,406391.9999999999
2025-05-20,1030973.0649925006,622453.0649925006,408520.0
2025-05-21,1031925.0649925006,622453.0649925006,409472.0
2025-05-22,1031869.0649925006,622453.0649925006,409416.0
2025-05-23,1028453.0649925006,622453.0649925006,406000.0
2025-05-26,1029405.0649925006,622453.0649925006,406952.0
2025-05-27,1029405.0649925006,622453.0649925006,406952.0
2025-05-28,1028789.0649925006,622453.0649925006,406336.0
2025-05-29,1030077.0649925007,622453.0649925006,407624.0000000001
2025-05-30,1028733.0649925006,622453.0649925006,406280.0
2025-06-03,1031925.0649925006,622453.0649925006,409472.0
2025-06-04,1031421.0649925006,622453.0649925006,408968.0
2025-06-05,1032709.0649925006,622453.0649925006,410256.0
2025-06-06,1029461.0649925007,622453.0649925006,407008.0000000001
2025-06-09,1031197.0649925006,622453.0649925006,408744.0
2025-06-10,1029573.0649925006,622453.0649925006,407120.0
2025-06-11,1035341.0649925006,622453.0649925006,412888.0
2025-06-12,1037301.0649925006,622453.0649925006,414848.0
2025-06-13,1035453.0649925006,622453.0649925006,413000.0
2025-06-16,1034557.0649925006,622453.0649925006,412104.0
2025-06-17,1034053.0649925006,622453.0649925006,411600.0
2025-06-18,1031701.0649925006,622453.0649925006,409248.0
2025-06-19,1028285.0649925006,622453.0649925006,405832.0
2025-06-20,1036909.0649925006,622453.0649925006,414456.0
2025-06-23,1038925.0649925006,622453.0649925006,416472.0
2025-06-24,1048389.0649925006,622453.0649925006,425936.0
2025-06-25,1054493.0649925007,622453.0649925006,432040.0000000001
2025-06-26,1052813.0649925005,622453.0649925006,430359.9999999999
2025-06-27,1049341.0649925005,622453.0649925006,426887.9999999999
2025-06-30,1050041.0649925005,622453.0649925006,427587.9999999999
2025-07-01,1051273.0649925005,622453.0649925006,428819.9999999999
2025-07-02,1051889.0649925005,622453.0649925006,429435.9999999999
2025-07-03,1051833.0649925005,622453.0649925006,429379.9999999999
2025-07-04,1056145.0649925005,622453.0649925006,433691.9999999999
2025-07-07,1055361.0649925007,622453.0649925006,432908.0000000001
2025-07-08,1055473.0649925005,622453.0649925006,433019.9999999999
2025-07-09,1052393.0649925007,622453.0649925006,429940.0000000001
2025-07-10,1059281.0649925005,622453.0649925006,436827.9999999999
2025-07-11,1062529.0649925005,622453.0649925006,440075.9999999999
2025-07-14,1061745.0649925005,622453.0649925006,439291.9999999999
2025-07-15,1059113.0649925005,622453.0649925006,436659.9999999999
2025-07-16,1057601.0649925005,622453.0649925006,435147.9999999999
2025-07-17,1057489.0649925005,622453.0649925006,435035.9999999999
2025-07-18,1058945.0649925005,622453.0649925006,436491.9999999999
2025-07-21,1059081.5810225005,383977.5810225006,675104.0
2025-07-22,1060982.5810225005,383977.5810225006,677005.0
2025-07-23,1067746.5810225005,383977.5810225006,683769.0
2025-07-24,1071877.5810225005,383977.5810225006,687900.0
2025-07-25,1065598.5810225005,383977.5810225006,681621.0
2025-07-28,1077667.5810225005,383977.5810225006,693690.0
2025-07-29,1073462.5810225005,383977.5810225006,689485.0
2025-07-30,1081858.5810225005,383977.5810225006,697881.0
2025-07-31,1065276.5810225005,383977.5810225006,681299.0
2025-08-01,1062298.5810225005,383977.5810225006,678321.0
2025-08-04,1062229.5810225005,383977.5810225006,678252.0
2025-08-05,1069047.5810225005,383977.5810225006,685070.0
2025-08-06,1068928.5810225005,383977.5810225006,684951.0
2025-08-07,1068530.5810225005,383977.5810225006,684553.0
2025-08-08,1066109.5810225005,383977.5810225006,682132.0
2025-08-11,1068407.5810225005,383977.5810225006,684430.0
2025-08-12,1068802.5810225005,383977.5810225006,684825.0
2025-08-13,1068018.5810225005,383977.5810225006,684041.0
2025-08-14,1073127.5810225005,383977.5810225006,689150.0
2025-08-15,1074542.5810225005,383977.5810225006,690565.0
2025-08-18,1072982.5810225005,383977.5810225006,689005.0
2025-08-19,1067630.5810225005,383977.5810225006,683653.0
2025-08-20,1075373.5810225005,383977.5810225006,691396.0
2025-08-21,1077209.5810225005,383977.5810225006,693232.0
2025-08-22,1082668.5810225005,383977.5810225006,698691.0
2025-08-25,1091943.5810225005,383977.5810225006,707966.0
2025-08-26,1088958.5810225005,383977.5810225006,704981.0
2025-08-27,1073830.5810225005,383977.5810225006,689853.0
2025-08-28,1072872.5810225005,383977.5810225006,688895.0
2025-08-29,1085045.5810225005,383977.5810225006,701068.0
2025-09-01,1076341.5810225005,383977.5810225006,692364.0
2025-09-02,1076696.5810225005,383977.5810225006,692719.0
2025-09-03,1068734.5810225005,383977.5810225006,684757.0
2025-09-04,1065430.5810225005,383977.5810225006,681453.0
2025-09-05,1069703.5810225005,383977.5810225006,685726.0
2025-09-08,1072149.5810225005,383977.5810225006,688172.0
2025-09-09,1073376.5810225005,383977.5810225006,689399.0
2025-09-10,1070058.5244525005,823517.5244525006,246540.99999999988
2025-09-11,1070778.5244525005,823517.5244525006,247260.99999999988
2025-09-12,1068698.5244525005,823517.5244525006,245180.99999999988
2025-09-15,1067853.5244525005,823517.5244525006,244335.99999999988
2025-09-16,1066524.5244525007,823517.5244525006,243007.00000000012
2025-09-17,1066774.5244525007,823517.5244525006,243257.00000000012
2025-09-18,1063615.5244525005,823517.5244525006,240097.99999999988
2025-09-19,1063834.5244525005,823517.5244525006,240316.99999999988
2025-09-22,1061363.5244525005,823517.5244525006,237845.99999999988
2025-09-23,1060879.5244525005,823517.5244525006,237361.99999999988
2025-09-24,1060388.7788100005,1060388.7788100005,0.0
2025-09-25,1060388.7788100005,1060388.7788100005,0.0
2025-09-26,1060388.7788100005,1060388.7788100005,0.0
2025-09-29,1060388.7788100005,1060388.7788100005,0.0
2025-09-30,1060388.7788100005,1060388.7788100005,0.0
2025-10-09,1060388.7788100005,1060388.7788100005,0.0
2025-10-10,1060388.7788100005,1060388.7788100005,0.0
2025-10-13,1060388.7788100005,1060388.7788100005,0.0
2025-10-14,1060388.7788100005,1060388.7788100005,0.0
2025-10-15,1060388.7788100005,1060388.7788100005,0.0
2025-10-16,1060388.7788100005,1060388.7788100005,0.0
2025-10-17,1060388.7788100005,1060388.7788100005,0.0
2025-10-20,1060388.7788100005,1060388.7788100005,0.0
2025-10-21,1060388.7788100005,1060388.7788100005,0.0
2025-10-22,1060388.7788100005,1060388.7788100005,0.0
2025-10-23,1060388.7788100005,1060388.7788100005,0.0
2025-10-24,1060388.7788100005,1060388.7788100005,0.0
2025-10-27,1059457.5444150004,645667.5444150005,413789.9999999999
2025-10-28,1059509.5444150004,645667.5444150005,413841.9999999999
2025-10-29,1065697.5444150006,645667.5444150005,420030.0000000001
2025-10-30,1064137.5444150004,645667.5444150005,418469.9999999999
2025-10-31,1059873.5444150004,645667.5444150005,414205.9999999999
2025-11-03,1062369.5444150004,645667.5444150005,416701.9999999999
2025-11-04,1065645.5444150004,645667.5444150005,419977.9999999999
2025-11-05,1062421.5444150004,645667.5444150005,416753.9999999999
2025-11-06,1065437.5444150004,645667.5444150005,419769.9999999999
2025-11-07,1065385.5444150004,645667.5444150005,419717.9999999999
2025-11-10,1067517.5444150004,645667.5444150005,421849.9999999999
2025-11-11,1066997.5444150006,645667.5444150005,421330.0000000001
2025-11-12,1071313.5444150004,645667.5444150005,425645.9999999999
2025-11-13,1075733.5444150004,645667.5444150005,430065.9999999999
2025-11-14,1074537.5444150004,645667.5444150005,428869.9999999999
2025-11-17,1070273.5444150004,645667.5444150005,424605.9999999999
2025-11-18,1069181.5444150004,645667.5444150005,423513.9999999999
2025-11-19,1073081.5444150004,645667.5444150005,427413.9999999999
2025-11-20,1072197.5444150006,645667.5444150005,426530.0000000001
2025-11-21,1065489.5444150004,645667.5444150005,419821.9999999999
2025-11-24,1062837.5444150004,645667.5444150005,417169.9999999999
2025-11-25,1068401.5444150004,645667.5444150005,422733.9999999999
2025-11-26,1070013.5444150004,645667.5444150005,424345.9999999999
2025-11-27,1067725.5444150006,645667.5444150005,422058.0000000001
2025-11-28,1065905.5444150004,645667.5444150005,420237.9999999999
2025-12-01,1064033.5444150004,645667.5444150005,418365.9999999999
2025-12-02,1064917.5444150004,645667.5444150005,419249.9999999999
2025-12-03,1062577.5444150004,645667.5444150005,416909.9999999999
2025-12-04,1063617.5444150004,645667.5444150005,417949.9999999999
2025-12-05,1081505.5444150004,645667.5444150005,435837.9999999999
2025-12-08,1088837.5444150004,645667.5444150005,443169.9999999999
2025-12-09,1083897.5444150006,645667.5444150005,438230.0000000001
2025-12-10,1084417.5444150004,645667.5444150005,438749.9999999999
2025-12-11,1084313.5444150004,645667.5444150005,438645.9999999999
2025-12-12,1091489.5444150004,645667.5444150005,445821.9999999999
2025-12-15,1107973.5444150004,645667.5444150005,462305.9999999999
2025-12-16,1107557.5444150004,645667.5444150005,461889.9999999999
2025-12-17,1113017.5444150004,645667.5444150005,467349.9999999999
2025-12-18,1115357.5444150004,645667.5444150005,469689.9999999999
2025-12-19,1116657.5444150004,645667.5444150005,470989.9999999999
2025-12-22,1115565.5444150004,645667.5444150005,469897.9999999999
2025-12-23,1120505.5444150004,645667.5444150005,474837.9999999999
2025-12-24,1118113.5444150004,645667.5444150005,472445.9999999999
2025-12-25,1127317.5444150004,645667.5444150005,481649.9999999999
2025-12-26,1129189.5444150004,645667.5444150005,483521.9999999999
2025-12-29,1122533.5444150004,645667.5444150005,476865.9999999999
2025-12-30,1116917.5444150004,645667.5444150005,471249.9999999999
2025-12-31,1114837.5444150004,645667.5444150005,469169.9999999999
